id_client,nom,prenom,gender,email,telephone,adresse
1,Juan,Monti,Male,mjuan0@cnn.com,365-532-8326,Rosenstraße 2
2,Blampey,Bobby,Male,bblampey1@bigcartel.com,428-681-3229,"Market Street, Dundalk,"
3,Bleue,Glory,Female,gbleue2@weibo.com,235-182-7891,"260, Okolovrasten Pat Blvd."
4,Van der Baaren,Rooney,Male,rvanderbaaren3@salon.com,537-745-0007,4140 EAST STATE STREET
5,Wynne,Ninette,Female,nwynne4@samsung.com,872-153-3637,Burgstraße 1
6,Allery,Celestia,Female,callery5@hugedomains.com,125-956-5543,245 COMMERCIAL STREET
7,Daudray,Laraine,Female,ldaudray6@timesonline.co.uk,496-578-9242,15 SAMMY MCGHEE BLVD
8,Vasyutochkin,Merilyn,Female,mvasyutochkin7@instagram.com,410-138-4409,200 WEST CONGRESS STREET
9,Doxsey,Sacha,Female,sdoxsey8@topsy.com,151-749-2308,80 SUGAR CREEK CENTER BLVD.
10,Callacher,Susanna,Female,scallacher9@newsvine.com,949-482-6904,4140 EAST STATE STREET
11,Ruse,Emmit,Male,erusea@symantec.com,822-995-3931,401 S. CHURCH ST.
12,Flanders,Kara-lynn,Genderqueer,kflandersb@tmall.com,250-304-8576,1200 E. WARRENVILLE RD
13,Burston,Johnna,Bigender,jburstonc@fema.gov,489-671-7256,320 N MAIN
14,Ruusa,Olenolin,Male,oruusad@cam.ac.uk,527-649-1145,8001 VILLA PARK DRIVE
15,Royal,Brunhilde,Female,broyale@weibo.com,562-799-7473,"Main Street, Roscrea,"
16,Wankel,Niel,Male,nwankelf@desdev.cn,238-695-7563,Platanenstraße 11
17,Gowing,Marthe,Non-binary,mgowingg@yale.edu,202-215-5045,34611 HIGHWAY 200
18,Vinau,Ricky,Female,rvinauh@unc.edu,923-602-2379,"St. Veiter Ring, 43"
19,Trudgeon,Bonnee,Female,btrudgeoni@multiply.com,342-404-0169,1008 OAK STREET
20,Dallinder,Barnabe,Male,bdallinderj@blogger.com,174-498-5049,PIAZZA FILIPPO MEDA 4
21,Panyer,Charin,Female,cpanyerk@smh.com.au,424-835-9100,LOC: 01-5138
22,Bowdidge,Rinaldo,Male,rbowdidgel@elpais.com,159-459-4520,"Pz de San Nicolás, 4"
23,Dalinder,Sherri,Female,sdalinderm@gizmodo.com,896-838-9491,102 WEST BLUFF ST
24,Emms,Lauritz,Male,lemmsn@shinystat.com,239-152-3106,PIAZZA FILIPPO MEDA 4
25,Hankin,Joaquin,Male,jhankino@liveinternet.ru,643-278-8639,Rizzastraße 34
26,Curner,Milton,Male,mcurnerp@who.int,281-401-5515,9300 FLAIR DRIVE  4TH FLOOR
27,Grinyer,Marlene,Female,mgrinyerq@instagram.com,258-188-7921,12345 W COLFAX AVE
28,Shemmans,Benedetto,Male,bshemmansr@howstuffworks.com,434-187-7125,2ND FLOOR
29,Brandi,Georgianne,Female,gbrandis@seattletimes.com,183-422-6970,"PIAZZA DEL CALENDARIO, 3"
30,Dyzart,Casey,Male,cdyzartt@msn.com,374-176-4485,110 S FERRALL STREET
31,Sevier,York,Male,ysevieru@walmart.com,659-855-6773,110 S FERRALL STREET
32,Allday,Chlo,Female,calldayv@ovh.net,930-198-3955,80 SUGAR CREEK CENTER BLVD
33,McFater,Clemence,Female,cmcfaterw@comcast.net,821-114-8093,Obere Marktstraße 52
34,Dericot,Romola,Female,rdericotx@businesswire.com,869-164-2316,P.O. BOX 87003
35,Auckland,Greggory,Male,gaucklandy@stumbleupon.com,224-532-2866,"Hauptplatz, 12"
36,Tubbs,Merry,Male,mtubbsz@netlog.com,351-133-5725,PO BOX 10566
37,Minker,Tiffany,Female,tminker10@ihg.com,586-301-9908,SUITE 300
38,Verheyden,Nanci,Female,nverheyden11@chicagotribune.com,462-378-5258,Ettinger Straße 3
39,Gerraty,Georgiana,Female,ggerraty12@google.it,940-766-7941,320 N MAIN
40,Pepper,Vale,Male,vpepper13@istockphoto.com,238-581-5650,Dorfplatz 17
41,Skune,Lynde,Female,lskune14@hud.gov,439-591-5558,EP-MN-WN1A
42,Ivons,Maggy,Female,mivons15@hud.gov,128-782-6914,"Main Street, Rathfarnham,"
43,Wennington,Cirilo,Male,cwennington16@google.fr,477-180-9022,"56, 58 AVENUE ANDRE MALRAUX"
44,Haselup,Any,Male,ahaselup17@xinhuanet.com,718-663-6124,325 MAXEY DR
45,Hackelton,Skippy,Male,shackelton18@sohu.com,584-328-4742,19 RUE DES PYRAMIDES
46,Gasquoine,Romeo,Male,rgasquoine19@domainmarket.com,514-668-4546,"PIAZZA SAN CARLO, 156"
47,Sharrier,Douglass,Male,dsharrier1a@cbsnews.com,112-855-7127,ONE PENNS WAY
48,Krochmann,Sunny,Male,skrochmann1b@engadget.com,301-496-6755,PIAZZA FILIPPO MEDA 4
49,Edling,Allianora,Female,aedling1c@virginia.edu,233-119-0148,Netwerklaan 52
50,Mulqueeny,Shirline,Female,smulqueeny1d@opensource.org,836-565-5611,2525 GREENBAY ROAD
51,Hall-Gough,Orland,Male,ohallgough1e@bbb.org,357-859-7284,"Main Street, Ballinasloe,"
52,Sarle,Kelsi,Female,ksarle1f@si.edu,178-663-8284,PO BOX 107
53,Karczinski,Marguerite,Female,mkarczinski1g@tripod.com,668-495-5381,PO BOX 10566
54,Hollington,Karrie,Non-binary,khollington1h@printfriendly.com,201-138-5924,12345 W. COLFAX AVE.
55,Wray,Adrienne,Female,awray1i@cbslocal.com,881-577-3582,3RD FLOOR
56,Gertz,Melody,Female,mgertz1j@walmart.com,807-131-0309,101 S 65 HWY
57,Datte,Orran,Male,odatte1k@icq.com,411-156-8690,245 BELGRADE AVE
58,Greenlies,Marcos,Male,mgreenlies1l@123-reg.co.uk,453-334-9363,PIAZZA FILIPPO MEDA 4
59,Ashborne,Kary,Female,kashborne1m@amazon.co.jp,883-519-4726,1620 DODGE STREET
60,Clemont,Marjie,Female,mclemont1n@gov.uk,975-175-6924,320 N MAIN
61,Addis,Grier,Female,gaddis1o@cdbaby.com,606-785-7749,Burgstraße 8
62,Hanwright,Torey,Male,thanwright1p@last.fm,963-407-7853,401 W TEXAS STE 315
63,Dailey,Wyndham,Male,wdailey1q@360.cn,329-226-6593,Große Gallusstraße 18 (Omniturm)
64,Bryers,Hedwiga,Female,hbryers1r@patch.com,161-112-0116,LOCATER 01-5138
65,Bernt,Gardy,Male,gbernt1s@deliciousdays.com,201-369-9843,203 OKLAHOMA AVE
66,De Zamudio,Kelsey,Female,kdezamudio1t@flavors.me,809-660-1456,P O BOX 600
67,Whitehair,Steward,Male,swhitehair1u@dion.ne.jp,278-695-6240,P7-PFSC-03-H
68,Ollier,Darrin,Male,dollier1v@ucsd.edu,570-633-1169,Neustadt 17
69,Laxson,Ashby,Male,alaxson1w@naver.com,398-597-8372,"43, Boulevard Royal"
70,Berryann,Theressa,Female,tberryann1x@blog.com,433-879-0151,10430 HIGHLAND MANOR DRIVE
71,Duplock,Amby,Agender,aduplock1y@unc.edu,274-965-7206,"50, Avenue J.F. Kennedy"
72,Karpol,Gillie,Female,gkarpol1z@vkontakte.ru,179-908-8075,PIAZZA FILIPPO MEDA 4
73,Freed,Casar,Male,cfreed20@i2i.jp,779-311-0471,PIAZZA FILIPPO MEDA 4
74,Heilds,Jonathan,Male,jheilds21@biblegateway.com,820-291-9281,"Altendorf, 7"
75,Walster,Deborah,Female,dwalster22@woothemes.com,632-831-9953,"VIA SEN. GUGLIELMO PELIZZO, 8-1"
76,MacIan,Izzy,Male,imacian23@nasa.gov,947-794-7210,PIAZZA FILIPPO MEDA 4
77,Humbie,Roselia,Female,rhumbie24@shutterfly.com,164-738-9219,3200 WILSHIRE BLVD
78,Teissier,Trina,Female,tteissier25@technorati.com,926-276-6562,"Hauptstr., 41"
79,McShirie,Hewett,Male,hmcshirie26@craigslist.org,983-781-7919,24 SECOND AVENUE SE
80,Von Brook,Jim,Male,jvonbrook27@oakley.com,926-548-2046,12345 W. COLFAX AVE
81,Dodds,Sauncho,Male,sdodds28@blinklist.com,185-396-2616,80 SUGAR CREEK CENTER BLVD.
82,Pollak,Hercules,Male,hpollak29@unesco.org,268-206-1373,2ND FLOOR
83,Britian,Anderea,Female,abritian2a@house.gov,915-146-4736,"PO BOX 27025, VA2-430-01-01"
84,Chatband,Filberto,Male,fchatband2b@shareasale.com,191-693-5508,16 BOULEVARD DES ITALIENS
85,Steptowe,Cacilia,Female,csteptowe2c@bravesites.com,516-909-1922,2910 W. JACKSON ST
86,Scuse,Juana,Genderqueer,jscuse2d@amazon.co.jp,341-406-1022,Gifhorner Straße 57
87,O'Dooghaine,Ike,Male,iodooghaine2e@live.com,826-603-8764,An der Sparkasse 1
88,Farlow,Aloysia,Female,afarlow2f@sogou.com,373-853-8828,PIAZZA FILIPPO MEDA 4
89,Bentley,Chrysler,Female,cbentley2g@1688.com,357-827-9527,1620 DODGE STREET
90,Ingolotti,Gwenni,Polygender,gingolotti2h@ucla.edu,528-325-9280,17555 NORTHEAST SACRAMENTO
91,Maccrie,Dari,Female,dmaccrie2i@artisteer.com,361-892-5948,"VIA SOPERGA, 9"
92,Casina,Euell,Male,ecasina2j@wix.com,698-399-9193,Taunustor 1 (TaunusTurm)
93,Houseman,Leonanie,Female,lhouseman2k@sbwire.com,194-339-3059,EP-MN-WN1A
94,Dulson,Ludwig,Male,ldulson2l@msn.com,195-389-5191,7 PROMENADE GERMAINE SABLON
95,Hards,Freeland,Male,fhards2m@wordpress.com,798-504-6000,PIAZZA FILIPPO MEDA 4
96,Lutsch,Trista,Female,tlutsch2n@xrea.com,485-835-3660,2 RUE DU 24 FEVRIER CS 90000
97,Jurn,Gerik,Male,gjurn2o@blogs.com,629-661-8564,Saarmunder Straße 61
98,Pund,Anselm,Male,apund2p@state.tx.us,546-442-2882,ul. dr. Zielińskiego 4
99,Huckabe,Daron,Male,dhuckabe2q@intel.com,182-214-9358,9300 FLAIR DRIVE  4TH FLOOR
100,Sommerland,Aksel,Male,asommerland2r@ezinearticles.com,251-876-8204,NY-31-17-0119
101,Gavagan,Madella,Female,mgavagan2s@constantcontact.com,100-653-8426,PIAZZA FILIPPO MEDA 4
102,Coade,Dwain,Male,dcoade2t@csmonitor.com,283-421-1991,Herzog-Ernst-Ring 49
103,Letrange,Amby,Male,aletrange2u@adobe.com,731-138-6487,275 SOUTHWEST THIRD STREET
104,McNeilley,Conrade,Genderfluid,cmcneilley2v@feedburner.com,209-849-8588,1508 TEXAS AVENUE
105,Lawday,Randee,Female,rlawday2w@redcross.org,701-267-7417,PO BOX 27025
106,Spelwood,Janek,Male,jspelwood2x@ox.ac.uk,601-770-5066,"140, boulevard de la Pétrusse"
107,Barstow,Katharina,Female,kbarstow2y@netvibes.com,300-725-9457,80 SUGAR CREEK CENTER BLVD
108,Winkworth,Stuart,Male,swinkworth2z@domainmarket.com,972-174-1728,211 BURNETTE ST
109,Faltskog,Dolley,Female,dfaltskog30@blogs.com,872-898-1881,PIAZZA FILIPPO MEDA 4
110,Leatherland,Pernell,Male,pleatherland31@icq.com,679-165-7562,"VIA CERNAIA, 7"
111,Millins,Micki,Female,mmillins32@google.nl,317-515-7192,101 N MAIN
112,Van T'Hoog,Jennilee,Female,jvanthoog33@addtoany.com,763-521-5004,1300 11TH STREET
113,Bottoms,Sasha,Male,sbottoms34@comsenz.com,172-688-2645,Bahnhofstraße 8
114,Glas,Gearard,Male,gglas35@alexa.com,835-280-0885,Jägersbrunnen 1-7
115,Van't Hoff,Giordano,Male,gvanthoff36@wired.com,526-674-4820,"VIA MONS. VITO PERNICONE, 1"
116,Jagiello,Roderic,Male,rjagiello37@google.ru,690-624-2569,"15 Avenue John F. Kennedy, 3rd Floor"
117,Blanshard,Cathryn,Female,cblanshard38@unicef.org,814-515-8248,Pettelaarpark 104
118,Haverson,Traci,Female,thaverson39@google.fr,714-659-7126,102 DUFFY AVENUE
119,Jacobovitz,Baxter,Male,bjacobovitz3a@php.net,786-569-7357,PIAZZA FILIPPO MEDA 4
120,Faier,Harbert,Male,hfaier3b@google.es,820-283-4020,P.O. BOX 643
121,Entwhistle,Dov,Male,dentwhistle3c@storify.com,296-990-6382,4140 EAST STATE STREET
122,Townson,Bertrand,Bigender,btownson3d@geocities.com,917-665-5557,115 RUE MONTMARTRE
123,Fenton,Walther,Male,wfenton3e@bloglines.com,299-294-2958,42 RUE BENOIT MALON
124,Rivaland,Quill,Male,qrivaland3f@fastcompany.com,216-753-8513,SUITE 5
125,Geldeard,Elmo,Genderqueer,egeldeard3g@joomla.org,391-766-4358,Sophienstraße 1
126,Oven,Ingeborg,Female,ioven3h@unesco.org,155-426-2267,Mühlenstraße 93
127,Garralts,Caterina,Female,cgarralts3i@friendfeed.com,325-939-2527,P.O. BOX 85139
128,Crooke,Valentine,Female,vcrooke3j@google.com.hk,279-412-1830,2ND FLOOR
129,Kopelman,Lane,Female,lkopelman3k@plala.or.jp,326-449-1690,2ND FLOOR
130,Como,Marquita,Female,mcomo3l@tmall.com,993-706-0510,"VIA UNITA', 5"
131,Monnelly,Tabbatha,Female,tmonnelly3m@over-blog.com,694-421-6138,1200 E WARRENVILLE RD
132,Zipsell,Atalanta,Female,azipsell3n@walmart.com,148-669-2228,Skäve Magasin
133,Mityukov,Dar,Male,dmityukov3o@fastcompany.com,232-633-5114,PIAZZA FILIPPO MEDA 4
134,MacInerney,Gay,Male,gmacinerney3p@4shared.com,157-825-0566,455 PROMENADE DES ANGLAIS
135,Rooms,Freddie,Female,frooms3q@buzzfeed.com,723-315-8806,Wilhelm-Leuschner-Straße 12-14
136,Nock,Hildegaard,Female,hnock3r@issuu.com,763-457-4579,Hamnbanegatan 5
137,Polding,Malanie,Female,mpolding3s@last.fm,115-226-9177,1830 MAIN
138,Bonett,Weidar,Male,wbonett3t@auda.org.au,153-704-6827,"VIALE ALTIERO SPINELLI, 30"
139,Chastaing,Shayne,Male,schastaing3u@ebay.co.uk,580-582-0925,12183 MS HWY 182
140,Gouldeby,Elvin,Male,egouldeby3v@tiny.cc,622-812-9435,"Hauptstraße, 40"
141,Hiorn,Hillel,Male,hhiorn3w@123-reg.co.uk,705-972-9827,101 N POPLAR ST
142,Farlow,Patric,Male,pfarlow3x@nps.gov,537-376-7081,"Abbey Street, Ballypheasan"
143,Flaonier,Tedi,Female,tflaonier3y@clickbank.net,891-909-9471,#10 PEDRO MARQUEZ STREET
144,Larmett,Parnell,Male,plarmett3z@eventbrite.com,894-793-7840,YRJÖNKATU 9 A
145,Barrasse,Sheff,Male,sbarrasse40@mozilla.org,152-402-4306,12345 W COLFAX AVE
146,Warr,Margaretha,Female,mwarr41@printfriendly.com,705-532-4396,120 W ARKANSAS
147,Chaplyn,Connie,Male,cchaplyn42@mediafire.com,867-518-2136,245 COMMERCIAL STREET
148,Dobeson,Imelda,Female,idobeson43@dyndns.org,956-179-2932,"VIALE ALTIERO SPINELLI, 30"
149,Roft,Kym,Female,kroft44@squarespace.com,537-396-1833,545 MAIN
150,Sustins,Ceciley,Female,csustins45@nymag.com,263-988-2361,"PIAZZA DEL CALENDARIO, 3"
151,Golton,Rutherford,Male,rgolton46@qq.com,302-991-9033,ul. Kościelna 1
152,Hollows,Levy,Male,lhollows47@g.co,928-835-1156,ACH OPERATIONS 100-99-04-10
153,Ibeson,Loria,Female,libeson48@taobao.com,666-177-5246,Hahnenstraße 57
154,Greggs,Tamma,Female,tgreggs49@dion.ne.jp,420-771-4686,Domovinskog rata 61
155,Pepperd,Juliana,Female,jpepperd4a@hud.gov,936-478-5255,400 S. BUS 65
156,Donisthorpe,Inga,Female,idonisthorpe4b@slashdot.org,919-424-6076,Mergenthalerallee 79-81
157,Clem,Phip,Male,pclem4c@angelfire.com,182-726-1108,195 MARKET STREET
158,Osgardby,Prince,Male,posgardby4d@walmart.com,861-270-3222,"Rua da Quinta do Quintã, Nº 1, Edificio D. José, Piso 3"
159,Callar,Elayne,Female,ecallar4e@mtv.com,994-107-0054,PO BOX 220
160,Vassar,Courtnay,Male,cvassar4f@whitehouse.gov,414-849-6469,1200 E WARRENVILLE RD
161,Jowsey,Zonda,Female,zjowsey4g@amazon.de,111-694-7772,"69, route d'Esch"
162,Loudiane,Hamel,Male,hloudiane4h@apache.org,756-401-3066,1 BANK PLAZA
163,Ledbury,Basil,Male,bledbury4i@nps.gov,198-785-7612,4140 EAST STATE STREET
164,Kupka,Luz,Polygender,lkupka4j@wikimedia.org,658-537-5284,110 S FERRALL STREET
165,Petru,Adriano,Non-binary,apetru4k@zimbio.com,654-500-8252,110 W PANOLA
166,Halgarth,Sally,Female,shalgarth4l@fc2.com,210-475-4283,Engerstraße 5
167,Teml,Louie,Male,lteml4m@people.com.cn,508-635-2882,CL LAS CRUCES 33
168,Ebbles,Georgette,Female,gebbles4n@reverbnation.com,675-876-5277,2 SOUTH MAIN ST
169,Dack,Patric,Male,pdack4o@barnesandnoble.com,201-703-1051,100 CREEK RD
170,Moulsdall,Ferdy,Male,fmoulsdall4p@imgur.com,566-284-3298,2910 WEST JACKSON
171,de Mendoza,Budd,Male,bdemendoza4q@walmart.com,933-568-4810,110 S FERRALL STREET
172,Melloy,Willie,Female,wmelloy4r@e-recht24.de,102-550-2896,7 EASTON OVAL
173,Solley,Herminia,Female,hsolley4s@chronoengine.com,524-775-3026,MS: NY-31-17-0119
174,Issit,Cristi,Female,cissit4t@w3.org,288-582-9033,Hagsche Straße 33
175,Whyler,Angie,Male,awhyler4u@dedecms.com,757-321-4043,819 EAST SHOTWELL ST
176,Huchot,Nissy,Female,nhuchot4v@buzzfeed.com,555-586-5479,P O BOX 7
177,Duker,Lebbie,Female,lduker4w@parallels.com,171-787-2141,ul. Dobrzykowska 1
178,McWilliams,Zolly,Male,zmcwilliams4x@altervista.org,863-464-5905,4140 EAST STATE STREET
179,Gionettitti,Ozzy,Male,ogionettitti4y@studiopress.com,891-428-3263,4140 EAST STATE STREET
180,Boggis,Toddy,Genderfluid,tboggis4z@feedburner.com,460-703-3558,PO BOX 7009
181,Dymocke,Alvan,Male,adymocke50@ehow.com,808-904-3100,24 SECOND AVENUE
182,Paige,Torey,Male,tpaige51@gov.uk,360-845-5675,1200 E. WARRENVILLE ROAD
183,Daugherty,Sharleen,Genderfluid,sdaugherty52@uol.com.br,653-977-5735,5900 LA PLACE COURT  SUITE 200
184,De Hailes,Alisa,Female,adehailes53@vimeo.com,993-386-9684,PIAZZA FILIPPO MEDA 4
185,Milington,Nollie,Bigender,nmilington54@prweb.com,112-645-3671,"PIAZZA GAE AULENTI, 3 TOWER  A"
186,Vasilov,Janek,Male,jvasilov55@whitehouse.gov,588-741-6132,307 MAIN STREET WEST
187,Rounds,Loise,Female,lrounds56@imdb.com,784-301-0910,EDMUNDS COUNTY
188,Abeles,Winnah,Female,wabeles57@macromedia.com,411-188-2341,1200 E. WARRENVILLE ROAD
189,Nevinson,Tyler,Male,tnevinson58@canalblog.com,518-321-7004,14225 ST HWY 31
190,Briatt,Guy,Male,gbriatt59@myspace.com,563-409-1181,"Hauptplatz, 24-26"
191,Fairey,Tessie,Female,tfairey5a@nydailynews.com,263-778-4270,4140 EAST STATE STREET
192,Theuff,Drona,Female,dtheuff5b@wikipedia.org,375-411-3633,1460 VALLEY RD
193,Bosquet,Piotr,Male,pbosquet5c@china.com.cn,962-376-0981,"R. Direita, 118"
194,Gunnell,Hakeem,Male,hgunnell5d@bluehost.com,990-527-6925,5611 PALMER WAY  SUITE G
195,Varndell,Sallee,Female,svarndell5e@flavors.me,400-418-6552,P O BOX 578
196,O'Doireidh,Craig,Male,codoireidh5f@bloglovin.com,983-726-8079,CORSO PERTICARI 25/27
197,Bew,Rosaline,Female,rbew5g@diigo.com,338-514-4539,PO BOX 27025
198,Novak,Fawne,Female,fnovak5h@altervista.org,744-929-3838,5050 KINGSLEY DRIVE
199,Stening,Darsie,Female,dstening5i@msn.com,356-401-3182,"Oberer Stadtplatz, 1"
200,O'Cullinane,Rozamond,Female,rocullinane5j@addtoany.com,671-965-5706,"VIA BENIGNO CRESPI, 23"
201,Begg,Arabele,Female,abegg5k@paypal.com,731-111-3170,ONE COMMUNITY PLACE
202,Shellcross,Rebekah,Female,rshellcross5l@bluehost.com,547-502-6245,"Paldau, 40"
203,Tirone,Gusti,Female,gtirone5m@bing.com,963-261-4199,112 CORPORATE DRIVE
204,Klaff,Burt,Genderqueer,bklaff5n@ucla.edu,612-191-3408,200 WEST CONGRESS STREET
205,Charville,Caty,Female,ccharville5o@addthis.com,442-895-6052,"PO BOX 27025, VA2-430-01-01"
206,Bumpus,Arleta,Female,abumpus5p@technorati.com,258-768-8078,Bismarckstraße 1
207,Dabbs,Renault,Male,rdabbs5q@sciencedaily.com,256-290-9176,5050 KINGSLEY DRIVE
208,Floyde,Gwenette,Female,gfloyde5r@samsung.com,596-946-2673,P.O. BOX 2400
209,Butlin,Pietrek,Male,pbutlin5s@mozilla.org,795-494-7794,NY-31-17-0119
210,Merfin,Roxie,Female,rmerfin5t@usnews.com,573-704-4678,"CORSO ROMA, 100"
211,Harrower,Vitia,Female,vharrower5u@pcworld.com,377-721-2525,615 CEDAR STREET
212,Gut,Sande,Female,sgut5v@amazon.co.uk,349-260-7156,2910 W JACKSON ST
213,Douberday,Tye,Male,tdouberday5w@linkedin.com,571-132-5058,"Boulevard Bischoffsheim, 1-8"
214,Posselt,Derrick,Polygender,dposselt5x@cdc.gov,979-362-1482,LOCATOR:  01-5138
215,Scrinage,Haslett,Male,hscrinage5y@creativecommons.org,359-320-1114,7 EASTON OVAL
216,MacKellar,Gunner,Male,gmackellar5z@domainmarket.com,671-255-7484,5050 KINGSLEY DRIVE
217,Ingarfield,Leonie,Female,lingarfield60@ehow.com,506-223-7935,PIAZZA FILIPPO MEDA 4
218,Jefford,Dore,Male,djefford61@ox.ac.uk,234-232-9625,3320 DREDGE DRIVE
219,Silvester,Lark,Female,lsilvester62@youku.com,551-461-9407,10 AVENUE FOCH CS 70369
220,Staddart,Danya,Male,dstaddart63@storify.com,415-319-8589,24010 PARTNERSHIP BOULVARD
221,Marxsen,Wolfy,Male,wmarxsen64@clickbank.net,625-278-8750,"6B, rue du Fort niedergrunewald"
222,Wykes,Rosina,Female,rwykes65@netvibes.com,729-112-0945,Jogailos g. 4
223,Vasyushkhin,Giacobo,Male,gvasyushkhin66@wikipedia.org,995-214-1942,17555 NORTHEAST SACRAMENTO
224,Whiterod,Manuel,Male,mwhiterod67@geocities.jp,675-642-6947,P. O. BOX 681
225,Ackhurst,Lorilee,Female,lackhurst68@disqus.com,753-710-7842,10430 HIGHLAND MANOR DRIVE
226,Pitkins,Myca,Male,mpitkins69@amazonaws.com,570-653-4236,"PO BOX 27025, VA2-430-01-01"
227,Cyseley,Merry,Female,mcyseley6a@house.gov,930-614-4638,Philip Heymans Alle 15
228,Stapforth,Alfie,Male,astapforth6b@usgs.gov,718-295-2978,Kapuzinerstraße 25
229,Manach,Estevan,Male,emanach6c@columbia.edu,676-456-7691,"Hauptplatz, 103"
230,Willars,Selestina,Female,swillars6d@washingtonpost.com,257-288-0716,DATA CONTROL ACH DESK
231,Boshers,Morna,Female,mboshers6e@oaic.gov.au,252-815-8686,6689 HWY 34
232,McDougal,Fawnia,Female,fmcdougal6f@w3.org,813-205-0512,88730 HWY 9
233,Riggs,Ganny,Genderqueer,griggs6g@msn.com,805-499-7745,6600 PLAZA DRIVE
234,Riddel,Bernita,Female,briddel6h@weather.com,638-518-9323,102 DUFFY AVENUE
235,O'Riordan,Garvy,Polygender,goriordan6i@smugmug.com,115-776-7183,"PIAZZA FANTI, 17"
236,Khosa,Jenni,Female,jkhosa6j@time.com,418-400-7101,Hochstraße 38
237,Downes,Lorena,Bigender,ldownes6k@hhs.gov,677-777-5260,EP-MN-WN1A
238,Howsin,Jenine,Female,jhowsin6l@quantcast.com,898-110-3423,PO BOX 7009
239,Beevis,Ram,Male,rbeevis6m@samsung.com,535-174-3654,112 CORPORATE DRIVE
240,Surridge,Zechariah,Male,zsurridge6n@lulu.com,238-418-8262,ONE PENNS WAY
241,Talmadge,Lita,Female,ltalmadge6o@bloglovin.com,690-566-8981,PIAZZA FILIPPO MEDA 4
242,Neal,Emmy,Female,eneal6p@bravesites.com,394-899-3174,Weserstraße 60
243,Weatherall,Stephanie,Female,sweatherall6q@army.mil,208-552-7660,Jahnstraße 4-8
244,Sneezem,Shanna,Female,ssneezem6r@freewebs.com,974-724-1412,"Grazer Straße, 19"
245,Bellsham,Livy,Female,lbellsham6s@meetup.com,749-559-4789,12 PLACE DES ETATS UNIS
246,Dunwoody,Alexandr,Male,adunwoody6t@sina.com.cn,842-284-5397,"Dorfstraße, 24"
247,Wardel,Johanna,Female,jwardel6u@ehow.com,581-108-7704,P. O. BOX 8287
248,MacRorie,Emlynn,Female,emacrorie6v@spiegel.de,360-109-7649,RUE CASE NÈGRE BP 370
249,Chattock,Gabriella,Female,gchattock6w@devhub.com,891-178-7730,P O DRAWER 635050
250,Crocker,Gertrude,Female,gcrocker6x@dyndns.org,306-334-3278,Torvet 1
251,Enocksson,Zonnya,Female,zenocksson6y@cbc.ca,704-162-6093,P.O. BOX 280
252,Gudeman,Mort,Male,mgudeman6z@webnode.com,778-334-2461,PIAZZA FILIPPO MEDA 4
253,Blofield,Alysia,Agender,ablofield70@dailymotion.com,904-346-6487,SUITE 1000
254,Kann,Alexandra,Female,akann71@utexas.edu,854-957-8722,Lindenstraße 32
255,Romans,Kristy,Female,kromans72@dell.com,349-682-6034,"Bridge Street, Lifford,"
256,Van der Mark,Leland,Female,lvandermark73@about.me,727-303-7946,Hoofdstraat 10 a
257,Minshall,Arvie,Male,aminshall74@drupal.org,889-961-4926,921 AVE E
258,Cristofvao,Xerxes,Male,xcristofvao75@google.it,448-514-9124,"VIA MADONNA DEL SUFFRAGIO, 22"
259,Ranking,Dud,Male,dranking76@ibm.com,970-131-6504,ul. Lubelska 11
260,Matityahu,Ruben,Male,rmatityahu77@newsvine.com,290-762-2010,"Dreifaltigkeitsplatz, 2"
261,Minillo,Elysee,Female,eminillo78@nymag.com,323-975-3333,301 E MAIN ST
262,Carruth,Glenn,Female,gcarruth79@zdnet.com,815-200-7276,18479 MAIN ST
263,Hartop,Brunhilda,Female,bhartop7a@chronoengine.com,404-783-5608,Magazinska cesta 69
264,Vidyapin,Rodd,Male,rvidyapin7b@opera.com,141-777-7448,"VIA DUCA DEGLI ABRUZZI, 103"
265,Burgill,Dilan,Male,dburgill7c@yahoo.com,394-607-6213,1 CITIZENS DRIVE
266,Mackneis,Eleanore,Female,emackneis7d@answers.com,865-222-5855,80 SUGAR CREEK CENTER BLVD.
267,Dowson,Ossie,Male,odowson7e@purevolume.com,293-105-5342,"Schupstraat, 18-20"
268,Staves,Douglass,Male,dstaves7f@godaddy.com,793-915-3159,"VIA VALLE AURINA, 20"
269,Murcutt,Husain,Male,hmurcutt7g@hostgator.com,612-644-0276,"Nr., 19"
270,Valentelli,Hallsy,Male,hvalentelli7h@ning.com,309-301-5285,VA2-430-01-01
271,Sunter,Salvador,Male,ssunter7i@washingtonpost.com,926-237-5956,ACH OPERATIONS 100-99-04-10
272,Wiltshier,Reeba,Female,rwiltshier7j@nydailynews.com,562-532-6519,P.O. BOX 85139
273,Bedle,Link,Male,lbedle7k@mapy.cz,101-382-8664,P O BOX 660
274,Hassekl,Chicky,Male,chassekl7l@mashable.com,739-333-7224,201 MAIN AVE BOX 227
275,Maltby,Devonne,Genderqueer,dmaltby7m@gnu.org,541-705-8366,PO BOX 27025
276,Dooher,Cornelius,Male,cdooher7n@reverbnation.com,706-490-5451,235 GRIFFIN ST
277,Joly,Kacey,Female,kjoly7o@miibeian.gov.cn,801-931-1688,"CORSO GARIBALDI, 49/51"
278,Redit,Gilly,Female,gredit7p@wikispaces.com,920-781-3007,MAC N9301-041
279,Fitchew,Isidro,Male,ifitchew7q@liveinternet.ru,262-777-2202,Katharinenplatz 17
280,Matoshin,Davon,Male,dmatoshin7r@about.com,809-399-5576,300 E NORTHWEST HIGHWAY
281,Dmitr,Curt,Male,cdmitr7s@exblog.jp,875-538-2153,"PO BOX 27025, VA2-430-01-01"
282,Hubatsch,Lissa,Female,lhubatsch7t@accuweather.com,822-547-3053,Taunusanlage 12
283,Hubatsch,Jobina,Female,jhubatsch7u@nytimes.com,394-662-5209,PIAZZA FILIPPO MEDA 4
284,Dugue,Jsandye,Female,jdugue7v@smh.com.au,470-730-5725,ATTN: ACH DESK LOC:01-5138
285,Bourner,Allyce,Female,abourner7w@odnoklassniki.ru,724-442-9220,"601 PENN ST., 5TH FLOOR"
286,Ilyinski,Ritchie,Male,rilyinski7x@google.nl,617-777-5792,P.O. BOX 1377
287,Duns,Julee,Female,jduns7y@census.gov,962-227-5619,12345 WEST COLFAX AVENUE
288,Lightollers,Jone,Agender,jlightollers7z@istockphoto.com,571-953-9100,"PIAZZA DELLA REPUBBLICA, 28"
289,Barnard,Halette,Female,hbarnard80@squidoo.com,342-362-0040,Wittekindstraße 17-19
290,Sketch,Pen,Male,psketch81@diigo.com,248-830-2031,PO BOX 555
291,Bartleman,Augie,Male,abartleman82@clickbank.net,499-168-1897,"Hoveniersstraat, 29"
292,Cardenosa,Louis,Male,lcardenosa83@ca.gov,908-500-7701,"VIA DEL CROCINO, 2"
293,Jakucewicz,Bartholomeo,Male,bjakucewicz84@cisco.com,451-165-3433,200 E. MAIN ST.
294,Hallewell,Mattie,Male,mhallewell85@wp.com,506-679-2417,PO BOX 1890
295,Norval,Sergent,Male,snorval86@ihg.com,435-857-2172,MAC N9301-041
296,Fison,Jodi,Male,jfison87@yellowbook.com,651-600-4987,"Van Putlei, 74-76"
297,Tupling,Elene,Agender,etupling88@studiopress.com,938-614-6711,P.O. BOX 507
298,Malham,Patsy,Male,pmalham89@oakley.com,528-193-0649,809 CLARK ST
299,Pragnell,Lazarus,Male,lpragnell8a@surveymonkey.com,399-145-1588,610 W. RANDOL MILL RD.
300,Reame,Lammond,Male,lreame8b@prlog.org,715-485-8173,"St. Veiter Ring, 43"
301,Thorns,Kerrie,Female,kthorns8c@go.com,917-916-5102,P. O. BOX 4678
302,Labbet,Kort,Bigender,klabbet8d@skyrock.com,672-666-6606,SUITE 1500
303,Pitt,Analiese,Bigender,apitt8e@elpais.com,229-299-1931,3405 N LOUISE AVE
304,Faires,Pip,Male,pfaires8f@printfriendly.com,560-964-3488,"VIA DANTE ALIGHIERI, 2"
305,Gottschalk,Debbie,Female,dgottschalk8g@netlog.com,840-699-7052,Kleiner Markt
306,Kennham,Mitch,Agender,mkennham8h@furl.net,459-198-8889,Mindelheimer Straße 7
307,Highton,Josephine,Female,jhighton8i@nydailynews.com,370-725-1432,"PO BOX 27025, VA2-430-01-01"
308,Brett,Josh,Male,jbrett8j@netvibes.com,526-437-4069,"Am Stadtpark, 9"
309,Capstake,Napoleon,Male,ncapstake8k@ft.com,934-764-1115,Landsvägen 40
310,Fawson,Gusta,Female,gfawson8l@feedburner.com,116-776-8877,PIAZZA FILIPPO MEDA 4
311,Rehme,Neill,Male,nrehme8m@businessinsider.com,800-905-2699,13 BOULEVARD HAUSSMANN
312,Agett,Gunar,Male,gagett8n@ocn.ne.jp,738-333-6561,MAC N9301-041
313,Heeps,Bidget,Female,bheeps8o@360.cn,495-293-3150,PO BOX 2290
314,Dauncey,Rikki,Female,rdauncey8p@bloglovin.com,902-796-3088,"Av Don Bosco, 2"
315,Janousek,Ernestus,Genderfluid,ejanousek8q@youtu.be,828-746-9468,PO BOX 3938
316,Janu,Alida,Female,ajanu8r@storify.com,715-567-3432,29 AVENUE DE L OPERA
317,Dewett,Rainer,Male,rdewett8s@stanford.edu,779-824-8964,4812 E 81ST ST
318,Yakuntsov,Jillane,Female,jyakuntsov8t@dell.com,386-923-9575,LEVEL 7 ARAGON HOUSE BUSINESS CENTRE TRIQ DRAGONARA
319,Stuehmeier,Othelia,Female,ostuehmeier8u@alibaba.com,146-738-6730,"AV CORAZÓN DE JESÚS, 3"
320,Meenehan,Fletcher,Male,fmeenehan8v@eventbrite.com,780-849-0091,VA2-430-01-01
321,Cawt,Alexandra,Female,acawt8w@latimes.com,581-174-2920,Theaterplatz 8
322,Rendbaek,Alford,Male,arendbaek8x@furl.net,846-915-6237,Bockenheimer Landstraße 2-4 (Opernturm)
323,Verriour,Sadie,Female,sverriour8y@timesonline.co.uk,499-943-0333,P.O. BOX 1377
324,Isard,Lorie,Female,lisard8z@illinois.edu,132-280-2246,"Praça Marquês de Pombal, n.º 13, 2.º andar"
325,Hammerberger,Emanuel,Male,ehammerberger90@tripod.com,630-580-7759,"VIA DON ERNESTO RICCI, 1"
326,Garnham,Ollie,Male,ogarnham91@sfgate.com,858-430-4588,"Walter Macken Road, Mervue,"
327,Stoffler,Paxton,Male,pstoffler92@hugedomains.com,498-523-8949,1017 HARRISON
328,Coslitt,Sadella,Genderqueer,scoslitt93@nsw.gov.au,886-861-9678,"78 High Street, Gardens"
329,Spearing,Daniele,Female,dspearing94@blog.com,518-778-3600,40 RUE DE COURCELLES
330,Gilvear,Cleopatra,Female,cgilvear95@deliciousdays.com,743-845-1555,Am Markt 1
331,Westmoreland,Lorne,Male,lwestmoreland96@imdb.com,534-851-5553,ul. Handlowa 35/37
332,Gardiner,Aharon,Male,agardiner97@aboutads.info,350-273-2704,100 COMMERCE ST
333,Bakes,Garreth,Non-binary,gbakes98@webeden.co.uk,854-502-9166,Kurtalstraße 2
334,Chesterton,Ulrikaumeko,Polygender,uchesterton99@miibeian.gov.cn,547-808-8444,5050 KINGSLEY DRIVE
335,Crayke,Cheston,Male,ccrayke9a@cornell.edu,805-938-1181,TOUR D2 17 BIS PLACE DES REFLETS
336,Barca,Amalea,Female,abarca9b@mapquest.com,427-753-4067,1460 VALLEY ROAD
337,Barok,Karalynn,Female,kbarok9c@example.com,753-587-8242,"Main Street, Athboy,"
338,Paladino,Sonja,Female,spaladino9d@edublogs.org,663-868-9497,255 2ND AVE SOUTH
339,Fills,Horst,Male,hfills9e@stumbleupon.com,877-151-3354,VIA VITTORIO EMANUELE S.N.C.
340,Pendre,Hedda,Female,hpendre9f@telegraph.co.uk,505-436-9170,SUITE 600
341,Litchmore,Shayne,Male,slitchmore9g@sitemeter.com,532-325-2101,P. O. BOX 910
342,Whiteman,Collete,Female,cwhiteman9h@dyndns.org,580-551-8193,BOX 269
343,Mogg,Izzy,Male,imogg9i@cdbaby.com,463-631-1848,"Højevej 18, Astrup"
344,McRoberts,Karina,Female,kmcroberts9j@spotify.com,669-307-1917,Marktstraße 16
345,Tunnicliff,Hi,Non-binary,htunnicliff9k@bing.com,577-252-3850,PO BOX 537
346,Works,Ninon,Female,nworks9l@ft.com,270-558-4179,200 E. NASHVILLE AVE
347,Jimes,Katuscha,Female,kjimes9m@amazon.de,223-240-5304,Waffenstraße 15
348,Lumox,Felicia,Female,flumox9n@csmonitor.com,109-907-3295,PO BOX 10566
349,Gocke,Teresa,Female,tgocke9o@narod.ru,672-366-0413,90 AVENUE DES CHAMPS ELYSEES
350,Claridge,Arvie,Male,aclaridge9p@intel.com,943-636-0799,23 avenue de la Costa
351,Pudney,Cobby,Male,cpudney9q@smh.com.au,135-652-3933,Am Hauptbahnhof 2
352,Shorthouse,Caryl,Female,cshorthouse9r@friendfeed.com,423-141-4994,80 SUGAR CREEK CENTER BLVD
353,Roizn,Margit,Female,mroizn9s@t.co,359-138-6908,MAC N9301-041
354,Archard,Ernesto,Genderfluid,earchard9t@github.com,489-115-3125,63 HIGHWAY 515
355,MacMaster,Beverie,Female,bmacmaster9u@chron.com,860-657-1955,PIAZZA FILIPPO MEDA 4
356,Weiss,Kiah,Female,kweiss9v@bloglovin.com,932-914-8607,PO BOX 27025
357,Heitz,Germain,Female,gheitz9w@tinypic.com,188-452-2005,"PIAZZA MARCONI, 28"
358,Dawes,Kerri,Female,kdawes9x@tripod.com,435-573-6813,PO BOX 307
359,Foad,Nickie,Genderfluid,nfoad9y@narod.ru,143-649-5771,100 NORTH PHILLIPS AVENUE
360,Ffoulkes,Erasmus,Male,effoulkes9z@posterous.com,774-152-1495,"PO BOX 27025, VA2-430-01-01"
361,Folcarelli,Tait,Male,tfolcarellia0@eventbrite.com,282-351-0517,10TH FLOOR
362,Gostling,Hi,Male,hgostlinga1@cdbaby.com,765-334-5218,Av de Santa Marina 15
363,Ghelerdini,Emanuele,Male,eghelerdinia2@japanpost.jp,334-580-7859,Hauptstraße 188
364,Figge,Goraud,Male,gfiggea3@friendfeed.com,452-716-0103,Lechner Ödön fasor 8.
365,Veighey,Deanne,Female,dveigheya4@tripod.com,823-497-1217,"1 Parnell Street,"
366,Ruffell,Brenn,Female,bruffella5@tumblr.com,809-284-8592,Hauptstraße 29
367,Haggleton,Nichol,Genderqueer,nhaggletona6@forbes.com,145-862-9340,P.O. BOX 643
368,Balsillie,Tatiania,Female,tbalsilliea7@china.com.cn,110-536-0105,2258 EAST MAIN
369,Pickring,Stace,Female,spickringa8@wikispaces.com,709-132-6693,1200 E WARRENVILLE ROAD
370,Naismith,Romy,Female,rnaismitha9@theguardian.com,965-398-6907,"VIALE ALTIERO SPINELLI, 30"
371,Walkowski,Kiel,Male,kwalkowskiaa@macromedia.com,753-651-9288,719 WASHINGTON ST
372,Fackrell,Selma,Female,sfackrellab@usnews.com,439-908-9060,600 MIDLAND AVE
373,Joutapavicius,Octavius,Male,ojoutapaviciusac@ihg.com,663-627-1602,Bergstraße 6
374,Chellingworth,Phillie,Female,pchellingworthad@skype.com,181-687-2651,"Etoile Saint Honoré, 21-25 Rue Balzac"
375,Tamplin,Demetris,Male,dtamplinae@apache.org,355-437-4208,Nibelungenplatz 3
376,Shitliffe,Hephzibah,Female,hshitliffeaf@wp.com,858-810-3562,Ludwigsplatz 1
377,Lumber,Pansy,Female,plumberag@berkeley.edu,561-735-7882,16 BOULEVARD DES ITALIENS
378,Kervin,Cordie,Female,ckervinah@mysql.com,249-801-9243,S. Dariaus ir S. Girėno g. 70
379,Shepland,Maybelle,Female,msheplandai@goodreads.com,576-419-3759,"VIA ROMA, 109"
380,Grocutt,Gabriela,Female,ggrocuttaj@google.ru,596-907-2766,Depenau 2
381,Sellan,Lita,Female,lsellanak@nymag.com,220-402-5629,"PO BOX 27025, VA2-430-01-01"
382,Awton,Auroora,Female,aawtonal@linkedin.com,600-733-8819,MAC N9301-041
383,Bestiman,Leif,Male,lbestimanam@google.ru,105-806-5140,P O BOX 290
384,Roelvink,Gnni,Female,groelvinkan@unblog.fr,290-198-4112,Mergenthalerallee 61
385,Coyett,Rudolph,Male,rcoyettao@twitter.com,771-618-8923,"The Icon Vienna (Turm, 24) Wiedner Gürtel 13"
386,Shillingford,Carolus,Male,cshillingfordap@guardian.co.uk,496-251-2645,112 CORPORTATE DRIVE
387,Waddie,Ali,Female,awaddieaq@ca.gov,631-788-2939,P O BOX 800
388,Basill,Barrie,Female,bbasillar@phpbb.com,491-139-8447,80 SUGAR CREEK CENTER BLVD
389,Landell,Jewell,Female,jlandellas@behance.net,571-678-2476,103 MAIN STREET
390,Poncet,Simmonds,Male,sponcetat@reuters.com,409-837-7636,200 W CONGRESS
391,Suston,Michel,Female,msustonau@wikia.com,974-735-6019,Laisvės a. 4
392,Hamnet,Marve,Male,mhamnetav@irs.gov,287-265-6715,Am Schloßplatz 2
393,Mottram,Valma,Genderqueer,vmottramaw@shutterfly.com,821-229-3063,1 TALLMAN D
394,Pawlowicz,Myrtia,Female,mpawlowiczax@nasa.gov,895-402-8201,PO BOX 158
395,Crossdale,Juliette,Female,jcrossdaleay@delicious.com,140-725-0654,MAC N9301-041
396,Bonin,Brier,Female,bboninaz@youtube.com,307-347-6265,P O BOX 970
397,Jays,Clair,Genderfluid,cjaysb0@shinystat.com,774-144-7479,Ruhrstraße 45
398,Balston,Trudy,Female,tbalstonb1@is.gd,904-214-9487,24 SECOND AVENUE
399,Kilgannon,Rebeka,Female,rkilgannonb2@blinklist.com,484-989-1446,Schwanenwall 27
400,Gheorghescu,Starlin,Female,sgheorghescub3@liveinternet.ru,458-459-1949,115 E MAIN ST
401,Simony,Brew,Male,bsimonyb4@hp.com,217-368-6648,NY-31-17-0119
402,Oliva,Pierre,Male,polivab5@symantec.com,318-660-3715,Kornmarkt 9
403,Janowski,Tonie,Female,tjanowskib6@freewebs.com,678-534-4045,"PIAZZA ROMA, 1"
404,Philipsen,Violetta,Female,vphilipsenb7@cafepress.com,574-396-6215,Schloßstraße 10
405,Focke,Dolly,Female,dfockeb8@yahoo.com,447-685-5834,1200 E WARRENVILLE RD
406,Jowitt,Alexandre,Male,ajowittb9@flavors.me,493-959-3334,Halderstraße 1-5
407,Bratt,Hedi,Female,hbrattba@ted.com,973-434-5532,"VIA CENTRALE, 38"
408,Nassie,George,Male,gnassiebb@yale.edu,285-353-6328,"Sparkassenplatz, 3"
409,Dorant,Leilah,Female,ldorantbc@squarespace.com,986-660-1942,Poststraße 7
410,Chinnock,Tyrus,Male,tchinnockbd@wsj.com,166-940-4010,"16, Boulevard Royal"
411,Enstone,Julia,Non-binary,jenstonebe@amazon.de,757-870-0505,Gmünder Straße 39
412,McCaughey,Billi,Female,bmccaugheybf@sourceforge.net,100-736-8085,255 2ND AVE SOUTH
413,Clayal,Leland,Female,lclayalbg@zdnet.com,579-235-7822,"VIALE ALTIERO SPINELLI, 30"
414,Marcome,Tiler,Male,tmarcomebh@odnoklassniki.ru,189-383-9979,"Greystone Street, Carrick-on-suir,"
415,Garforth,Gerek,Male,ggarforthbi@google.co.jp,413-589-1824,12183 MS HWY 182
416,Meek,Welch,Male,wmeekbj@freewebs.com,429-251-8493,255 2ND AVE SOUTH
417,Cusick,Grazia,Agender,gcusickbk@seesaa.net,569-272-0428,1200 E WARRENVILLE ROAD
418,Vial,Eliza,Female,evialbl@xinhuanet.com,765-999-1107,VA2-430-01-01
419,Pester,Kerry,Male,kpesterbm@t-online.de,208-951-1304,109 NORTH ST. PAUL AVENUE
420,Glover,Ronnie,Female,rgloverbn@webnode.com,454-894-3675,24 SECOND AVE SE
421,Elnaugh,Bartolomeo,Male,belnaughbo@hostgator.com,218-853-2368,"Karawankenplatz, 2"
422,Purchon,Janelle,Female,jpurchonbp@addtoany.com,205-292-1413,400 RELLA BLVD
423,Dangerfield,Ricky,Male,rdangerfieldbq@sbwire.com,874-569-4020,116 W SIXTH ST
424,Schankelborg,Darcey,Female,dschankelborgbr@ted.com,286-346-9760,24010 PARTNERSHIP BOULEVARD
425,Wynne,Fanya,Genderqueer,fwynnebs@gov.uk,732-620-3020,12345 W COLFAX AVE
426,Shadbolt,Gaultiero,Male,gshadboltbt@vkontakte.ru,631-126-8804,12 PLACE DES ETATS UNIS
427,Andrei,Jacky,Female,jandreibu@spiegel.de,693-804-0499,255 2ND AVENUE SOUTH  MAC N9301-041
428,Simmill,Joel,Male,jsimmillbv@bloglines.com,407-376-8060,Hauptstraße 24
429,Camies,Sutherlan,Male,scamiesbw@over-blog.com,916-351-7917,14 AVENUE DU PAVE NEUF CS 10001
430,Swansborough,Welch,Male,wswansboroughbx@nbcnews.com,734-258-4059,Bajcsy-Zsilinszky út 78.
431,Neaverson,Neale,Male,nneaversonby@tumblr.com,536-484-9621,116 COURS LAFAYETTE BP 3276
432,Beedie,Virgie,Male,vbeediebz@cnbc.com,210-549-7426,Nordwall 6-8
433,Syseland,Filia,Female,fsyselandc0@friendfeed.com,501-190-8769,60 LIVINGSTON
434,d'Arcy,Mahala,Female,mdarcyc1@wikia.com,756-100-4416,202 JACKSON ST
435,Ertelt,Giff,Male,gerteltc2@dailymotion.com,856-452-2432,PO BOX 200
436,Bispo,Hildagard,Female,hbispoc3@scribd.com,210-100-4812,4140 EAST STATE STREET
437,Cloute,Robinet,Female,rcloutec4@goo.ne.jp,531-428-8181,50 SPRING ROAD
438,Piggens,Rockwell,Male,rpiggensc5@java.com,521-183-2227,106 QUAI DE BACALAN CS 41272
439,Girardot,Noelle,Female,ngirardotc6@telegraph.co.uk,190-602-7063,Katharinenplatz 17
440,Tollet,Grace,Male,gtolletc7@yale.edu,312-228-5836,"PO BOX 27025, VA2-430-01-01"
441,Sember,Avivah,Female,asemberc8@deviantart.com,496-774-6778,2ND FLOOR
442,Golt,Lettie,Female,lgoltc9@zdnet.com,355-525-4170,1008 OAK STREET
443,Willcock,Baird,Male,bwillcockca@cargocollective.com,272-599-5686,Bahnhofstraße 19
444,Reggler,Charlie,Male,cregglercb@ebay.com,658-396-7618,Luitpoldplatz 5
445,Carefull,Kristien,Female,kcarefullcc@google.com.hk,493-986-5822,"VIA G. GARIBALDI, 46"
446,Graysmark,Cassy,Female,cgraysmarkcd@deliciousdays.com,282-946-6816,200 EAST MAIN ST
447,Brummell,Rodolph,Male,rbrummellce@webs.com,631-814-3757,"CORSO ROMA, 100"
448,Routh,Carroll,Male,crouthcf@163.com,530-265-3729,PIAZZA FILIPPO MEDA 4
449,Lidbetter,Chastity,Female,clidbettercg@epa.gov,571-342-3892,12 PLACE DES ETATS UNIS
450,Delahunt,Selena,Female,sdelahuntch@bigcartel.com,856-593-4291,"56, 58 AVENUE ANDRE MALRAUX"
451,Spiaggia,Mal,Male,mspiaggiaci@cornell.edu,624-288-9163,"23/24 Main Street, Midleton,"
452,Woolston,Nady,Female,nwoolstoncj@businesswire.com,980-478-7188,P.O. BOX 85139
453,Preist,Sherwynd,Male,spreistck@chronoengine.com,852-454-3393,"Dorfstraße, 25"
454,Spirritt,Virge,Male,vspirrittcl@google.com.au,353-126-8046,2600 S THOMPSON
455,Christophle,Keeley,Female,kchristophlecm@earthlink.net,800-938-6279,16 BOULEVARD DES ITALIENS
456,Manifold,Cassandra,Female,cmanifoldcn@cnbc.com,989-638-3854,Neue Mainzer Straße 14 - 18
457,Tonge,Antonio,Male,atongeco@phpbb.com,150-803-1774,3RD FLOOR
458,Karpol,Freeland,Male,fkarpolcp@yellowbook.com,174-116-5625,9300 FLAIR DRIVE  4TH FLOOR
459,Ellaman,Dallis,Polygender,dellamancq@google.de,588-414-8482,Paulinenstraße 15
460,Pulley,Danny,Genderqueer,dpulleycr@cpanel.net,270-267-8777,"PO BOX 27025, VA2-430-01-01"
461,Dobrowolski,Teodoor,Male,tdobrowolskics@answers.com,640-194-7344,128 N. PARKERSON AVE.
462,Bick,Gertie,Female,gbickct@zdnet.com,366-841-2902,9300 FLAIR DRIVE  4TH FLOOR
463,Harsent,Hildy,Female,hharsentcu@omniture.com,158-882-5871,"VIA CONTE KUENIGL, 1"
464,Latty,Neron,Male,nlattycv@scribd.com,762-195-7843,"VIALE LODOVICO SCARAMPO, 15"
465,Jodrelle,Danit,Bigender,djodrellecw@shinystat.com,530-282-6572,"VIALE ALTIERO SPINELLI, 30"
466,Moraleda,Jo,Male,jmoraledacx@360.cn,169-169-5531,Odersbacher Weg 1
467,Lawtey,Waldemar,Male,wlawteycy@blog.com,275-135-1164,"Rue Montoyer, 14"
468,Bewshaw,Ariadne,Female,abewshawcz@craigslist.org,343-771-3926,PO BOX 27025
469,Jervoise,Minetta,Female,mjervoised0@craigslist.org,855-735-1929,P7-PFSC-03-H
470,Gwyther,Lena,Female,lgwytherd1@ted.com,839-967-2440,"Hauptstr., 39"
471,Havock,Nevsa,Female,nhavockd2@dropbox.com,850-388-2174,"VIALE ALTIERO SPINELLI, 30"
472,Kliment,Pietrek,Male,pklimentd3@sogou.com,984-280-3997,"9300 FLAIR DRIVE, 4TH FLOOR"
473,Gladtbach,Theodore,Male,tgladtbachd4@geocities.jp,210-978-0825,110 S FERRALL STREET
474,Tinto,Harri,Female,htintod5@pen.io,833-994-7776,7 PROMENADE GERMAINE SABLON
475,Belchamber,Marty,Non-binary,mbelchamberd6@whitehouse.gov,267-925-6863,811 MAIN ST
476,Kleinert,Clifford,Polygender,ckleinertd7@jugem.jp,792-131-1471,Mühlenstraße 28
477,Yearne,Dawna,Female,dyearned8@tripod.com,710-529-7055,3405 N LOUISE AVE
478,Labusquiere,Johann,Male,jlabusquiered9@nba.com,196-140-9659,Markt 8
479,Lilley,Baxter,Male,blilleyda@tinypic.com,271-357-9196,601 PENN STREET
480,Beckson,Kristine,Female,kbecksondb@github.com,918-865-9336,Elbuferstraße 117
481,Liepins,Louella,Female,lliepinsdc@typepad.com,323-832-7915,NY-31-17-0119
482,Greated,Dudley,Male,dgreateddd@wufoo.com,572-244-3623,P O BOX 100
483,Peile,Colline,Female,cpeilede@prnewswire.com,342-225-2895,2ND FLOOR
484,Siburn,Benjie,Male,bsiburndf@slashdot.org,194-174-6599,BOX 217
485,Helleckas,Alley,Male,ahelleckasdg@unicef.org,451-718-5712,P.O.BOX 547
486,Acum,Abagail,Female,aacumdh@google.cn,879-899-8286,Regeringsgatan 103
487,Laflin,Siusan,Female,slaflindi@chronoengine.com,651-900-4370,"VIA B. FRANKLIN, 6"
488,McSorley,Morey,Male,mmcsorleydj@google.ru,130-859-1227,ELECTRONIC BANKING D-339
489,Sparham,Juliet,Female,jsparhamdk@prnewswire.com,820-220-9918,Kungsträdgårdsgatan 2
490,Andrez,Helsa,Genderfluid,handrezdl@sogou.com,317-283-4951,"VIALE ALTIERO SPINELLI, 30"
491,Tulk,Marje,Female,mtulkdm@noaa.gov,188-463-5103,MS: NY-31-17-0119
492,Divver,Jacquette,Female,jdivverdn@craigslist.org,988-213-9792,8001 VILLA PARK DRIVE
493,Jervis,Sansone,Male,sjervisdo@infoseek.co.jp,276-573-3407,811 MAIN STREET
494,Grishechkin,Nissy,Female,ngrishechkindp@xing.com,101-903-7657,12345 W COLFAX AVE
495,Grutchfield,Becca,Female,bgrutchfielddq@soup.io,290-385-3732,Taunusanlage 17
496,Nolleau,Normie,Male,nnolleaudr@simplemachines.org,594-355-3821,"PIAZZALE DURANTE FRANCESCO, 11"
497,Henrichs,Catlin,Female,chenrichsds@tmall.com,413-585-2379,BASISWG 32
498,Raymen,Royal,Male,rraymendt@youku.com,303-631-6012,"PIAZZA DI SANTA MARIA SOPRARNO, 1"
499,Tring,Rica,Female,rtringdu@weebly.com,158-514-4744,Augustaanlage 61
500,MacGiolla,Leena,Female,lmacgiolladv@bigcartel.com,650-375-3914,Nordhoffstraße 1
501,McFaul,Cybil,Female,cmcfauldw@twitpic.com,472-201-3936,PIAZZA FILIPPO MEDA 4
502,Rawstorn,Alanson,Male,arawstorndx@tmall.com,516-165-6093,100 EAST TRYON ROAD/DAC28
503,Roubay,Guillermo,Male,groubaydy@t.co,216-572-5824,SECOND FLOOR
504,Lehrle,Carly,Female,clehrledz@bigcartel.com,217-151-1684,"Meinhardstraße, 1"
505,Heasly,Dollie,Non-binary,dheaslye0@sun.com,561-552-9300,80 SUGAR CREEK CENTER BLVD
506,Druitt,Jenn,Female,jdruitte1@mozilla.com,151-835-4635,PIAZZA FILIPPO MEDA 4
507,Pinkie,Ezechiel,Male,epinkiee2@soup.io,120-628-0457,EP-MN-WN1A
508,Blazevic,Temple,Male,tblazevice3@1688.com,527-731-2426,Pettelaarpark 104
509,Piscot,Freedman,Male,fpiscote4@aboutads.info,599-795-9181,PIAZZA FILIPPO MEDA 4
510,Trevorrow,Fanchon,Female,ftrevorrowe5@cmu.edu,952-541-9198,Breite Straße 18-28
511,Redmore,Raddie,Male,rredmoree6@clickbank.net,118-190-6817,"Kirchenplatz, 11"
512,Skudder,Pepi,Female,pskuddere7@oaic.gov.au,661-164-7832,7001 NORTH OAK
513,Dargie,Grace,Non-binary,gdargiee8@geocities.com,731-669-9984,P.O. BOX 595
514,Hirsthouse,Mitch,Male,mhirsthousee9@utexas.edu,830-122-0366,P.O. BOX 128
515,Karlsson,Klara,Female,kkarlssonea@domainmarket.com,183-916-6411,24010 PARTNERSHIP BOULEVARD
516,Joost,Katrine,Female,kjoosteb@army.mil,293-237-0260,PIAZZA FILIPPO MEDA 4
517,Turbern,Maryann,Female,mturbernec@tamu.edu,690-114-8389,Theaterstraße 5
518,Kybbye,Dorian,Male,dkybbyeed@liveinternet.ru,376-971-3048,200 WEST CONGRESS STREET
519,Coll,Justen,Male,jcollee@sphinn.com,997-932-9346,200 W CONGRESS
520,Liddicoat,Marissa,Female,mliddicoatef@canalblog.com,362-941-6235,1401 S 3RD STREET
521,Carbine,Zacherie,Male,zcarbineeg@mashable.com,654-412-6894,"140, boulevard de la Pétrusse"
522,Batterson,Giffard,Male,gbattersoneh@nifty.com,220-703-0844,Am Diek 50
523,Praton,Robby,Male,rpratonei@xrea.com,171-623-8530,Schillerstraße 3
524,Binnie,Brandea,Female,bbinnieej@delicious.com,422-899-2082,Gifhorner Straße 57
525,Hebdon,Eziechiele,Male,ehebdonek@cbsnews.com,654-501-0765,106 W FIRST ST
526,Gyver,Pall,Male,pgyverel@bloglovin.com,431-185-3931,Vesterbrogade 5
527,Damiata,Filberte,Male,fdamiataem@liveinternet.ru,200-898-9456,Maximilianstraße 29
528,Le Cornu,Elnore,Female,elecornuen@google.com,213-386-7396,P.O. BOX 291
529,Kroll,Hailey,Male,hkrolleo@macromedia.com,803-641-0472,12 PLACE DES ETATS UNIS CS 20001
530,Fenemore,Germaine,Female,gfenemoreep@tripod.com,562-740-8882,4140 EAST STATE STREET
531,Neames,Halsey,Male,hneameseq@com.com,355-886-3059,PO BOX 324
532,Lafranconi,Matthiew,Male,mlafranconier@ustream.tv,224-714-3820,PO BOX 1377
533,Hearle,Pace,Male,phearlees@people.com.cn,266-268-0853,"PO BOX 27025, VA2-430-01-01"
534,Rosenkrantz,Hugibert,Polygender,hrosenkrantzet@odnoklassniki.ru,125-952-1895,50 NORTH THIRD ST
535,Livingston,Julie,Genderqueer,jlivingstoneu@so-net.ne.jp,927-887-7252,88 NORTH PARK AVENUE
536,Benedikt,Donalt,Male,dbenediktev@netlog.com,861-507-5753,30 RUE D EPAGNAC CS 72424 SOYAUX
537,Skentelbery,Madelle,Female,mskentelberyew@wisc.edu,618-902-4824,1200 E WARRENVILLE RD
538,Kiss,Burg,Male,bkissex@reuters.com,844-867-3904,7 EASTON OVAL
539,Tomaszkiewicz,Arden,Female,atomaszkiewiczey@gmpg.org,346-932-9426,Erzbergerstraße 2a
540,Dumphrey,Angil,Female,adumphreyez@aol.com,990-798-8915,Rechte Tauberstraße 1
541,Mayfield,Orella,Female,omayfieldf0@berkeley.edu,168-183-6686,"Main Street, Carrigart, Letterkenny,"
542,Simonnet,Pippa,Bigender,psimonnetf1@w3.org,211-629-0096,Yrjönkatu 9 A
543,Smithen,Corene,Female,csmithenf2@archive.org,774-932-9048,111 WEST WASHINGTON
544,McIlvenny,Lanni,Female,lmcilvennyf3@theguardian.com,758-140-2241,P.O. BOX 10566
545,Sebring,Sabina,Female,ssebringf4@usnews.com,808-513-4094,Jahnstraße 7
546,Curness,Lemmy,Polygender,lcurnessf5@house.gov,965-456-9768,PO BOX 196
547,Erridge,Nilson,Male,nerridgef6@imdb.com,802-562-7578,115 E MAIN ST
548,Illiston,Garrek,Male,gillistonf7@icq.com,205-529-9797,PO BOX 3938
549,Jarad,Petra,Female,pjaradf8@deviantart.com,910-392-5030,Buxtehuder Straße 5
550,Sussans,Beverly,Female,bsussansf9@pinterest.com,831-460-5982,12 PLACE DES ETATS UNIS
551,Griss,Bearnard,Agender,bgrissfa@tumblr.com,327-869-3507,245 COMMERCIAL STREET
552,Hudd,Emylee,Female,ehuddfb@printfriendly.com,503-896-8262,P O BOX 127
553,Hymus,Kit,Male,khymusfc@shinystat.com,403-385-7419,P7-PFSC-03-H
554,Milton,Isiahi,Male,imiltonfd@privacy.gov.au,359-456-8629,Bockenheimer Landstraße 2-4 (Opernturm)
555,Molan,Corene,Non-binary,cmolanfe@gov.uk,281-406-4294,PO BOX 1578
556,Dickie,Harbert,Male,hdickieff@goo.gl,781-199-6187,Friedberger Straße 101
557,Kingsland,Lothario,Male,lkingslandfg@reuters.com,896-592-7093,BASISWG 32
558,Walsh,Jeniece,Female,jwalshfh@mlb.com,315-905-7609,4140 EAST STATE STREET
559,Karpychev,Elijah,Male,ekarpychevfi@alibaba.com,291-659-4762,"VIA DON LUIGI STURZO, 9/11/13"
560,Chilley,Jorge,Male,jchilleyfj@hc360.com,972-467-4024,Sveavägen 163
561,Woloschinski,Jareb,Male,jwoloschinskifk@dell.com,327-659-4508,SUITE 5
562,Inggall,Sonni,Female,singgallfl@tiny.cc,431-635-2485,Hauptstraße 186
563,Tumilson,Randi,Female,rtumilsonfm@google.it,170-525-4131,Regeringsgatan 56
564,Knighton,Zulema,Female,zknightonfn@wordpress.org,889-187-0367,10430 HIGHLAND MANOR DRIVE
565,Nice,Allene,Female,anicefo@storify.com,342-892-3307,P.O. BOX 85139
566,Bebbell,Bren,Male,bbebbellfp@harvard.edu,245-967-9383,"Prinz-Eugen-Straße 8-10, Top 17 + Top 18"
567,Dorken,Helyn,Agender,hdorkenfq@netscape.com,680-795-9204,"Sparkassenplatz, 3"
568,Lamborn,Cybill,Female,clambornfr@seesaa.net,816-163-3487,3RD FLR
569,Kubasiewicz,Barnabas,Male,bkubasiewiczfs@flavors.me,528-800-4507,"Am Stadtpark, 9"
570,Deeley,Deeanne,Female,ddeeleyft@mashable.com,186-453-3791,SUITE 5
571,Prattington,Eirena,Genderfluid,eprattingtonfu@free.fr,596-450-0582,36 BOULEVARD DE LA REPUBLIQUE
572,De la croix,Nils,Male,ndelacroixfv@fc2.com,111-531-9353,1 TALLMAN RD
573,Keyden,Shepherd,Non-binary,skeydenfw@google.cn,171-541-4498,"VIA SAN MARCO, 11"
574,Bartocci,Kermit,Male,kbartoccifx@technorati.com,429-237-4614,2ND FLOOR
575,Perham,Veronike,Bigender,vperhamfy@issuu.com,820-250-9139,"Cl Padres Dominicos, 7"
576,Friese,Desmund,Male,dfriesefz@go.com,377-724-9890,14500 AVIATION BLVD
577,Nornable,Thomasine,Female,tnornableg0@weebly.com,327-667-4077,Poststraße 9-10
578,Allabarton,Jeanie,Female,jallabartong1@ft.com,612-523-8043,111 S. CASAVER AVE.
579,Claypole,Margarete,Polygender,mclaypoleg2@1688.com,829-377-2017,9300 FLAIR DRIVE  4TH FLOOR
580,Slyman,Belita,Female,bslymang3@over-blog.com,541-459-7649,Marktplatz 8
581,Carrier,Brett,Male,bcarrierg4@home.pl,379-791-8158,100 PINNACLE PLACE
582,Linzey,Jeth,Male,jlinzeyg5@cmu.edu,460-734-8364,ul. Chorzowska 50
583,Johnigan,Wait,Male,wjohnigang6@topsy.com,375-543-5280,12 PLACE DES ETATS UNIS
584,Jefferies,Marilee,Female,mjefferiesg7@pen.io,901-690-5915,Cl Pintor Sorolla 2-4
585,Dightham,Florida,Female,fdighthamg8@apache.org,474-443-3227,1 TALLMAN RD
586,Bamlet,Mattie,Male,mbamletg9@google.co.uk,768-581-1322,PO BOX 520
587,Harp,Lars,Male,lharpga@pcworld.com,818-163-7686,GUSTAV MAHLERLN 360
588,Torel,Denney,Male,dtorelgb@utexas.edu,927-200-6603,Promenade 20
589,Dagworthy,Sindee,Female,sdagworthygc@addtoany.com,980-984-5565,1125 BERKSHIRE BOULEVARD
590,Kearsley,Manfred,Male,mkearsleygd@acquirethisname.com,845-582-2834,P7-PFSC-03-H
591,Wharton,Giraud,Male,gwhartonge@goo.ne.jp,884-552-6265,200 W CONGRESS ST
592,Defew,Salmon,Male,sdefewgf@histats.com,478-541-7278,1200 E WARRENVILLE RD
593,Berrey,Maddy,Genderqueer,mberreygg@meetup.com,142-496-0454,234 E  1ST AVE
594,Packington,Seumas,Male,spackingtongh@statcounter.com,289-724-6465,100 N PHILLIPS
595,Bryan,Lowell,Genderqueer,lbryangi@elegantthemes.com,930-157-5356,SUITE 201
596,Bake,Denice,Female,dbakegj@tuttocitta.it,459-510-8159,"Sparkassenplatz, 1"
597,Tebbett,Pavlov,Male,ptebbettgk@ted.com,372-902-4916,MAC N9301-041
598,Asplen,Steffane,Female,sasplengl@github.com,698-133-0681,"Ralphtown, Bridgetown,"
599,Braganca,Ginger,Male,gbragancagm@technorati.com,651-598-0820,1151 W. HIGHWAY 77
600,Pamplin,Eimile,Female,epamplingn@harvard.edu,667-796-0942,208 WEST 4TH STREET
601,Smythin,Elden,Male,esmythingo@technorati.com,601-674-1440,NY-31-17-0119
602,Ortiger,Brittan,Female,bortigergp@vk.com,151-362-1382,1000 N OAK
603,Kasperski,Patin,Male,pkasperskigq@scribd.com,110-254-6412,"6, rue Lou Hemmer"
604,Gritsaev,Isidora,Female,igritsaevgr@yellowpages.com,598-278-5733,"Dorf, 4"
605,Arson,Reade,Male,rarsongs@usnews.com,928-317-0871,PO BOX 525
606,Eppson,Leyla,Female,leppsongt@php.net,937-838-9668,Kaiser-Joseph-Straße 186-190
607,Maykin,Lon,Male,lmaykingu@deliciousdays.com,873-300-5166,"Credit Union House, Bridge Street, Gort,"
608,Cromer,Fraser,Male,fcromergv@wordpress.com,908-742-0189,P.O. BOX 469
609,Underhill,Yevette,Female,yunderhillgw@simplemachines.org,304-289-2731,4140 EAST STATE STREET
610,Brennen,Inigo,Male,ibrennengx@google.com.hk,304-484-2953,101 S. WHEELER STREET
611,Stanway,Leland,Bigender,lstanwaygy@a8.net,407-140-1532,340 MAIN STREET
612,Roobottom,Vanna,Female,vroobottomgz@cmu.edu,210-666-0274,100 S PHILLIPS AVE
613,Haysom,Nicki,Female,nhaysomh0@uol.com.br,879-355-8795,ul. dr. Zielińskiego 4
614,Weatherdon,Starlene,Female,sweatherdonh1@tripod.com,378-506-8429,10 RUE CALLOT CS 90710
615,Palfreman,Leopold,Male,lpalfremanh2@seesaa.net,200-863-3439,"VIA MEISULES, 211"
616,Battie,Godfrey,Male,gbattieh3@aol.com,853-333-6995,"CL ALTO GUADALQUIVIR, 4"
617,Stinchcombe,Ulrica,Female,ustinchcombeh4@qq.com,744-356-0757,"Hauptstr., 39"
618,Cowpland,Rea,Female,rcowplandh5@intel.com,342-355-9041,"Clare House, 37 Glenageary Park"
619,Bertie,Georges,Male,gbertieh6@blogger.com,391-501-5835,P.O. BOX 85139
620,Fleetwood,Hoyt,Male,hfleetwoodh7@ca.gov,486-597-4609,"Calea Plevnei nr.200, sector 6"
621,Kenn,Hayward,Male,hkennh8@opensource.org,877-252-1760,PIAZZA FILIPPO MEDA 4
622,Colcutt,Marlin,Male,mcolcutth9@pcworld.com,566-195-9616,56 RUE DE LA GLACIERE
623,Morch,Valida,Female,vmorchha@samsung.com,396-846-4787,301 W. WALKER STREET
624,Owers,Avram,Male,aowershb@instagram.com,742-902-7857,100 E WASHINGTON ST
625,Clague,Winnah,Female,wclaguehc@altervista.org,114-512-2072,Bockenheimer Landstraße 2-4 (Opernturm)
626,Meader,Greta,Female,gmeaderhd@hostgator.com,859-892-6982,3451 PRESCOTT ROAD
627,Nardi,Odille,Non-binary,onardihe@ustream.tv,686-271-5238,P.O. 150097
628,Greenway,Sammy,Female,sgreenwayhf@un.org,682-211-5942,99 NORTH STREET
629,Slemming,Ingar,Male,islemminghg@bravesites.com,391-320-3700,Bahnhofstraße 8
630,Winyard,Sianna,Polygender,swinyardhh@google.ru,834-598-0655,Raiffeisenplatz 1
631,McKim,Jackelyn,Polygender,jmckimhi@springer.com,704-709-0423,Bergstraße 6
632,Dissman,Theodore,Male,tdissmanhj@addtoany.com,471-341-3835,6TH FLOOR
633,Imison,Delmar,Male,dimisonhk@about.com,932-250-3047,Hans-Strothoff-Platz 1
634,Santos,Fanni,Female,fsantoshl@hhs.gov,221-916-4747,118 N GARFIELD
635,Grummitt,Robinet,Male,rgrummitthm@com.com,863-351-3594,"15, ARC. MAKARIOU III AVENUE"
636,Bargery,Kelila,Female,kbargeryhn@goo.gl,602-539-4491,Im Tal 1
637,Vankin,Garrick,Male,gvankinho@woothemes.com,429-679-8455,Hauptstraße 49
638,Drogan,Tamas,Male,tdroganhp@github.io,217-664-8036,Hermannstraße 13
639,Bolsover,Georgianna,Female,gbolsoverhq@netscape.com,970-559-8581,Marktplatz 43-45
640,Keward,Livvyy,Female,lkewardhr@spiegel.de,470-105-6111,De Boelelaan 7
641,Estoile,Amelita,Female,aestoilehs@shutterfly.com,340-518-8532,940 N MAC ARTHUR
642,Selvey,Balduin,Male,bselveyht@google.de,396-997-0759,11 NORTH MAIN
643,McCuffie,Genia,Female,gmccuffiehu@icq.com,114-417-7575,PIAZZA FILIPPO MEDA 4
644,Heaker,Darn,Male,dheakerhv@photobucket.com,951-358-3459,1361 RAILROAD ST
645,Vyse,Linet,Bigender,lvysehw@paginegialle.it,102-205-1687,"12, rue Eugène Ruppert"
646,McTavish,Brucie,Male,bmctavishhx@merriam-webster.com,651-822-3788,SECOND FLOOR
647,Van Merwe,Caspar,Male,cvanmerwehy@ning.com,881-637-3218,63 HIGWAY 515
648,Lilford,Audre,Female,alilfordhz@economist.com,968-240-1243,Mühlenstraße 93
649,Peart,Lucilia,Female,lpearti0@walmart.com,583-970-8401,1 BOULEVARD HAUSSMANN
650,Cridland,Margaret,Polygender,mcridlandi1@cmu.edu,402-368-0168,26 WEST MONROE STREET
651,O' Mullane,Suzette,Female,somullanei2@mozilla.com,415-864-0807,730 MADISON
652,Banasik,Ermina,Female,ebanasiki3@dmoz.org,627-225-4823,115 N WALNUT STREET
653,Codlin,Abigail,Female,acodlini4@slate.com,875-189-7467,83 Main Street
654,Dran,Cosme,Male,cdrani5@paginegialle.it,339-614-6318,Konstitucijos pr. 21B
655,Cisco,Powell,Male,pciscoi6@nationalgeographic.com,451-210-9788,P O BOX 7
656,Piche,Morgan,Male,mpichei7@ehow.com,351-611-4100,110 E 7TH ST.
657,Mickleburgh,Anabel,Genderfluid,amickleburghi8@usnews.com,714-283-6573,P O BOX 218
658,Kirkpatrick,Solomon,Male,skirkpatricki9@indiatimes.com,916-740-1590,59 AVENUE PIERRE MENDES FRANCE
659,Bagworth,Melessa,Female,mbagworthia@blogs.com,254-178-5127,Domsheide 14
660,Trowsdall,Fairlie,Male,ftrowsdallib@taobao.com,935-809-5406,MC- NC 6024
661,Potts,Tades,Male,tpottsic@usda.gov,753-617-7780,"2285 LAKESHORE DRIVE, BUILDING 4"
662,Waterfall,Paco,Male,pwaterfallid@si.edu,295-779-6723,PO BOX 7009
663,O'Doohaine,Leela,Female,lodoohaineie@nsw.gov.au,156-506-7439,PO BOX 188
664,Hackinge,Silvester,Male,shackingeif@hatena.ne.jp,731-195-0276,195 MARKET ST
665,Peteri,Ezra,Male,epeteriig@themeforest.net,523-190-6880,200 E. MAIN ST.
666,Orford,Towny,Male,torfordih@samsung.com,962-233-3518,Bernstorffsgade 40
667,Core,Hamid,Male,hcoreii@altervista.org,702-671-3836,200 W CONGRESS ST
668,Dongall,Patric,Bigender,pdongallij@examiner.com,732-992-6235,Rathausplatz 5-7
669,Bicknell,Marin,Female,mbicknellik@rambler.ru,620-779-2088,5050 KINGSLEY DRIVE
670,Niezen,Ryan,Genderqueer,rniezenil@rediff.com,376-688-7296,Herrenbergstraße 2
671,Bartolini,Sayre,Female,sbartoliniim@trellian.com,813-225-5924,"Getreidegasse, 10"
672,Poytheras,Jodie,Male,jpoytherasin@paginegialle.it,853-693-2101,P.O. BOX 681
673,Gilluley,Serene,Female,sgilluleyio@photobucket.com,512-621-5835,"Sparkassenplatz, 69"
674,Dine-Hart,Glynn,Male,gdinehartip@privacy.gov.au,793-581-9036,SUITE 100
675,Rosas,Karole,Female,krosasiq@spotify.com,303-791-9049,24 WEST DIVISION
676,Jemmison,Rhianon,Female,rjemmisonir@twitpic.com,251-942-3937,PO BOX 4748
677,Androsik,Kimball,Male,kandrosikis@techcrunch.com,900-222-6841,MAC N9301-041
678,Dunne,Jacquie,Female,jdunneit@rakuten.co.jp,433-392-3522,P O BOX 3619
679,Debrick,Jacqui,Non-binary,jdebrickiu@umich.edu,565-308-7923,P.O. BOX 1377
680,Peche,Allys,Female,apecheiv@mozilla.org,242-704-4132,"Seestraße, 1"
681,Pitcaithly,Geri,Female,gpitcaithlyiw@nih.gov,611-531-6548,Am Hauptbahnhof 2
682,Jacob,Teddie,Male,tjacobix@4shared.com,871-557-3369,12345 W COLFAX AVE
683,Bandiera,Vachel,Male,vbandieraiy@about.com,561-923-3985,SUITE 1500
684,Estick,Aubree,Female,aestickiz@kickstarter.com,192-494-2813,NY-31-17-0119
685,Paradise,Clemens,Male,cparadisej0@bing.com,196-482-7897,324 N 4TH STREET
686,Howford,Tanner,Male,thowfordj1@paginegialle.it,564-772-8257,GUSTAV MAHLERLN 10
687,Beed,Linn,Male,lbeedj2@tinyurl.com,914-596-8718,Beuthener Straße 25
688,Lynde,Jolyn,Female,jlyndej3@miibeian.gov.cn,727-774-2208,EP-MN-WN1A
689,Sokale,Gaston,Male,gsokalej4@privacy.gov.au,988-874-2486,400 4TH AVE NE
690,Grinnell,Edwin,Male,egrinnellj5@gnu.org,736-444-6849,STE B
691,Wyche,Neal,Male,nwychej6@mit.edu,587-445-6439,MAC N9301-041
692,Eversley,Junette,Female,jeversleyj7@ox.ac.uk,957-332-9062,"VIA SAN FRANCESCO DI PAOLA, SNC"
693,Loins,Tam,Male,tloinsj8@ftc.gov,938-249-5679,301 N ROCHESTER ST
694,Grafton-Herbert,Korella,Genderfluid,kgraftonherbertj9@blogspot.com,452-635-7620,PO BOX 178
695,Castro,Jessalin,Female,jcastroja@github.io,402-678-6099,5611 PALMER WAY  SUITE G
696,Turnbull,Maynord,Male,mturnbulljb@tamu.edu,128-685-4761,211 BURNETTE ST
697,Murcutt,Emmaline,Female,emurcuttjc@cocolog-nifty.com,105-752-5766,Hauptstraße 3
698,Fasset,Cornelia,Female,cfassetjd@pagesperso-orange.fr,286-479-8906,Balasta dambis 15
699,Konerding,Kliment,Male,kkonerdingje@t.co,737-992-8398,"1000 PEACHTREE ST, N.E."
700,Rayment,Ynes,Female,yraymentjf@macromedia.com,993-247-0068,8001 VILLA PARK DRIVE
701,Rosterne,Brewster,Male,brosternejg@google.com.br,671-724-5426,EAST PLAZA
702,Brumwell,Jocelyne,Female,jbrumwelljh@psu.edu,868-191-1890,MAC N9301-041
703,Callaby,Darsey,Female,dcallabyji@wisc.edu,729-158-4235,PO BOX N
704,Mokes,Rebeca,Agender,rmokesjj@yahoo.co.jp,952-406-9248,1101 22ND AVE
705,Durek,Lavina,Female,ldurekjk@springer.com,723-882-8585,2220 6TH STREET
706,McAllan,Hamlen,Male,hmcallanjl@wikia.com,876-874-7587,"CONTRADA ACQUEVIVE, 20/A"
707,Picheford,Sherilyn,Female,spichefordjm@purevolume.com,817-383-8249,Marktstraße 15
708,Christopher,Helge,Female,hchristopherjn@acquirethisname.com,895-153-1848,Gorkistraße 9
709,Haycroft,Emmy,Polygender,ehaycroftjo@goo.gl,319-634-1469,P O BOX 681
710,Skynner,Valeda,Female,vskynnerjp@oracle.com,180-614-0175,Heinemannstraße 15
711,McFee,Celine,Genderfluid,cmcfeejq@howstuffworks.com,588-947-2204,825 N. PATRICK
712,Sowersby,Quinn,Female,qsowersbyjr@paginegialle.it,625-411-8188,SUITE 1500
713,Kearn,Darn,Male,dkearnjs@umich.edu,948-743-8125,Bahnhofstraße 89-91
714,Bertelmot,Clareta,Female,cbertelmotjt@walmart.com,998-452-2078,PO BOX 577
715,Coppock.,Imogene,Female,icoppockju@mtv.com,772-762-2071,P O BOX 27025
716,Kisbey,Dorri,Female,dkisbeyjv@wiley.com,404-985-2037,"CORSO SICCARDI, 13"
717,Abrahams,Holly,Male,habrahamsjw@networksolutions.com,650-459-7658,5050 KINGSLEY DRIVE
718,Maruszewski,Phylys,Female,pmaruszewskijx@vimeo.com,246-978-3179,700 S MAIN
719,Binden,Kalvin,Male,kbindenjy@oaic.gov.au,740-696-2317,24 SECOND AVE SE
720,Job,Dollie,Female,djobjz@nytimes.com,878-894-0392,14500 AVIATION BOULEVARD
721,Ferrulli,Les,Male,lferrullik0@apache.org,591-612-7931,P.O. BOX 1377
722,Seakin,Corri,Female,cseakink1@cocolog-nifty.com,524-129-6006,"Credit Union House, Saint Mary's Road, Cahir"
723,Riply,Binny,Female,briplyk2@nyu.edu,145-280-4135,"2, boulevard Konrad Adenauer"
724,Lestrange,Noland,Male,nlestrangek3@sogou.com,728-160-1791,"Hauptstraße, 39"
725,Rowan,Elsinore,Female,erowank4@facebook.com,862-336-3541,"VIA SAN MARCO, 11"
726,Hastin,Madelin,Female,mhastink5@merriam-webster.com,212-790-6608,DAC 28
727,Grishechkin,Denny,Female,dgrishechkink6@google.it,299-197-5808,Hauptstraße 91
728,Fischer,Frayda,Female,ffischerk7@delicious.com,842-294-5808,"PO BOX 27025, VA2-430-01-01"
729,Lilleyman,Mathilda,Bigender,mlilleymank8@booking.com,808-148-2649,P.O. BOX 85139
730,Iannelli,Devina,Genderfluid,diannellik9@dropbox.com,670-839-6345,VIA MARIO BIANCHINI 13
731,McNicol,Mareah,Female,mmcnicolka@imdb.com,507-274-5639,Isefjords Alle 5
732,Gehringer,Brandise,Female,bgehringerkb@youtu.be,970-128-8087,436 SLATER RD
733,Mundall,Monti,Male,mmundallkc@ucoz.ru,174-344-3828,PIAZZA FILIPPO MEDA 4
734,Markwick,Leticia,Female,lmarkwickkd@gravatar.com,894-944-5692,"Bulevardul Pipera, nr.10, Sos. Buc. Nord, Global City Business Park, cladirea 011"
735,Merkel,Marcellus,Male,mmerkelke@addthis.com,837-589-7435,"Oktoberplatz, 1"
736,Twaite,Agnesse,Female,atwaitekf@vinaora.com,609-619-3636,102 BYPASS PLAZA
737,Buller,Andros,Male,abullerkg@adobe.com,943-514-6128,"The Icon Vienna (Turm, 24) Wiedner Gürtel 13"
738,Philcott,Alli,Genderfluid,aphilcottkh@altervista.org,351-101-8244,Isefjords Alle 5
739,Kerrod,Rahel,Female,rkerrodki@tinypic.com,463-956-9798,"VIA SAN DALMAZZO, 15"
740,Linskill,Norton,Male,nlinskillkj@shareasale.com,636-450-4493,437 BRIDGE AVENUE
741,Minney,Emmaline,Female,eminneykk@arstechnica.com,197-418-5178,1630 4TH AVENUE NORTH
742,Fanton,Wade,Male,wfantonkl@facebook.com,472-888-8467,"PIAZZA MUNICIPIO, 13"
743,Everit,El,Male,eeveritkm@usatoday.com,840-892-3920,4140 EAST STATE STREET
744,Franke,Rabi,Male,rfrankekn@wordpress.org,243-476-8520,Taunustor 1 (TaunusTurm)
745,Willshaw,Amara,Female,awillshawko@creativecommons.org,465-293-5172,GUSTAV MAHLERLN 10
746,Bradder,Yorker,Male,ybradderkp@soup.io,179-855-3630,29 AVENUE DE MESSINE
747,Schoenleiter,Olympie,Female,oschoenleiterkq@webs.com,276-714-5237,P.O. BOX 681
748,Duffan,Cathleen,Female,cduffankr@state.tx.us,217-142-0380,"VIALE CHIASSI, 17"
749,Whittlesee,Vonny,Female,vwhittleseeks@plala.or.jp,154-760-8615,PIAZZA FILIPPO MEDA 4
750,Sheryn,Lorette,Female,lsherynkt@fotki.com,569-518-2819,"THE CENTRE - TIGNE POINT,LEVEL 12"
751,Steele,Rene,Male,rsteeleku@sphinn.com,531-763-0050,P.O. BOX 398
752,Tegeller,Melany,Female,mtegellerkv@geocities.com,267-351-5415,5050 KINGSLEY DRIVE
753,Philippard,Addy,Female,aphilippardkw@wikipedia.org,754-794-1505,200 WEST CONGRESS STREET
754,Bohl,Vitoria,Female,vbohlkx@w3.org,353-345-3329,Schloßstraße 82
755,Geraldini,Lolita,Female,lgeraldiniky@wisc.edu,994-128-0471,"Hüttau Nr., 35"
756,Muskett,Marta,Female,mmuskettkz@hatena.ne.jp,991-679-9841,4140 EAST STATE STREET
757,Beake,Nicol,Male,nbeakel0@cbslocal.com,632-576-3756,Hauptstraße 206
758,Scammell,Tedda,Female,tscammelll1@redcross.org,213-319-3337,"Nr., 873"
759,Eyeington,Ernest,Male,eeyeingtonl2@fastcompany.com,714-342-1125,220 PALO PINTO STREET
760,Dahl,Mateo,Male,mdahll3@google.ru,953-669-2664,12 PLACE DES ETATS UNIS
761,Colyer,Starlin,Female,scolyerl4@guardian.co.uk,802-818-7035,PO BOX 709
762,Searight,Dud,Male,dsearightl5@sbwire.com,155-704-5545,"43, Avenue J.F. Kennedy"
763,Virgoe,Veradis,Female,vvirgoel6@cbc.ca,333-227-1608,"Pz D. Basilio Paraíso, 2"
764,Arend,Howey,Male,harendl7@xing.com,521-213-1527,"VIA ROMA, 89"
765,Hyde-Chambers,Berna,Bigender,bhydechambersl8@prnewswire.com,779-200-6105,1017 HARRISON
766,McGrory,Karoline,Female,kmcgroryl9@blogtalkradio.com,592-999-3409,Poststraße 30a
767,Banthorpe,Angus,Male,abanthorpela@privacy.gov.au,780-276-3182,P.O. BOX 291
768,Fusco,Michaella,Female,mfuscolb@w3.org,158-408-0742,4 RUE LOUIS BRAILLE
769,Spanswick,Minnnie,Female,mspanswicklc@umich.edu,155-853-8072,"VIA CADUTI DI SABBIUNO, 3"
770,Costerd,Base,Agender,bcosterdld@vkontakte.ru,196-386-6103,Karl-Scharnagl-Ring 10
771,Gann,Goldia,Female,ggannle@prnewswire.com,292-808-5579,Wildtalstraße 2
772,Dawney,York,Male,ydawneylf@mail.ru,696-875-5596,ATTN: ACH DESK LOC:01-5138
773,Tether,Karlotta,Female,ktetherlg@census.gov,199-217-1966,10430 HIGHLAND MANOR DRIVE
774,Eyton,Alanna,Female,aeytonlh@liveinternet.ru,865-340-3354,6 RUE DE L AMIRAL HAMELIN
775,Uccelli,Lissi,Female,luccellili@feedburner.com,101-581-1028,80 SUGAR CREEK CENTER BLVD.
776,Frostdick,Madelyn,Female,mfrostdicklj@reddit.com,876-694-5745,"43, Boulevard Royal"
777,Trillow,Woodrow,Male,wtrillowlk@friendfeed.com,415-558-2929,PIAZZA FILIPPO MEDA 4
778,Sparks,Adriaens,Polygender,asparksll@nifty.com,688-613-1551,Gustav Mahlerlaan 350
779,McCullen,Stephannie,Female,smccullenlm@sphinn.com,643-936-8953,Hauptstraße 56
780,Kettlewell,Sibbie,Female,skettlewellln@moonfruit.com,158-959-0301,2910 WEST JACKSON
781,Skey,Deanna,Female,dskeylo@japanpost.jp,420-559-2435,P.O. BOX 85139
782,Glassman,Nobie,Male,nglassmanlp@com.com,131-529-4635,7 PROMENADE GERMAINE SABLON
783,Burchell,Boone,Bigender,bburchelllq@ycombinator.com,644-623-3267,Hofmark 14
784,Uphill,Melony,Female,muphilllr@123-reg.co.uk,497-770-0579,Raiffeisenstraße 16
785,Farebrother,Brannon,Male,bfarebrotherls@ameblo.jp,820-406-2033,PIAZZA FILIPPO MEDA 4
786,Cowdray,Shelli,Female,scowdraylt@fema.gov,921-313-5603,P.O. BOX 27
787,Gillmor,Davy,Male,dgillmorlu@cocolog-nifty.com,982-261-1214,Platz der Republik
788,Espadate,Sadie,Female,sespadatelv@nasa.gov,576-326-1642,Kapstadtring 7
789,Shrubsall,Diann,Female,dshrubsalllw@ameblo.jp,708-700-7795,20544 HUSKER DR
790,Wapples,Lindsay,Male,lwappleslx@freewebs.com,335-153-7678,P7-PFSC-03-H
791,McGrirl,Timothy,Male,tmcgrirlly@latimes.com,229-929-8516,"Pz de San Nicolás, 4"
792,Coite,Kermit,Male,kcoitelz@vimeo.com,414-369-0551,Wallfahrtstraße 8
793,Dabs,Marcellus,Male,mdabsm0@examiner.com,856-881-2148,Nybrogade 3
794,Hubber,Nance,Female,nhubberm1@multiply.com,554-365-6311,PO BOX 10
795,Fairnington,Jimmie,Genderqueer,jfairningtonm2@ucsd.edu,432-204-2696,Gebhardinaukio 1
796,Sherrott,Hilary,Male,hsherrottm3@list-manage.com,986-905-8400,115 N WALNUT ST
797,Reichardt,Ash,Male,areichardtm4@bandcamp.com,970-105-7410,LOC 01-5138
798,Smead,Kevin,Male,ksmeadm5@washingtonpost.com,884-873-0026,PIAZZA FILIPPO MEDA 4
799,Mavin,Karel,Male,kmavinm6@arstechnica.com,269-436-2019,Kornmarkt 9
800,Frostick,Juliane,Female,jfrostickm7@shutterfly.com,144-769-9892,2ND FLOOR
801,Greenwood,Glenda,Female,ggreenwoodm8@washington.edu,834-215-6764,211 SECOND STREET
802,Dyment,Lambert,Male,ldymentm9@auda.org.au,650-452-0117,P O BOX 507
803,Clackson,Ruttger,Male,rclacksonma@europa.eu,690-542-7844,1111 S MUSKOGEE AVE
804,Dionisetti,Carleen,Female,cdionisettimb@xing.com,837-130-5080,"Am Stadtpark, 9"
805,Black,Yulma,Non-binary,yblackmc@indiegogo.com,689-135-4970,P O BOX 96
806,Zanutti,Leonhard,Male,lzanuttimd@hugedomains.com,280-635-3302,"73 Orwell Road, Rathgar,"
807,Schole,Ariella,Female,ascholeme@moonfruit.com,165-912-3178,601 PENN STREET
808,Lewsie,Tymothy,Male,tlewsiemf@nih.gov,799-336-7806,ONE PENN'S WAY
809,Ogelsby,Malinda,Female,mogelsbymg@yahoo.co.jp,987-413-6970,Am Hafen 1
810,Szapiro,Rosalind,Female,rszapiromh@imdb.com,767-925-7015,"Ballycullen Avenue, Firhouse,"
811,Vernall,Silvano,Male,svernallmi@chron.com,329-384-1180,ul. Kościuszki 1
812,Massy,Bailie,Male,bmassymj@google.nl,937-351-7000,P O BOX 500
813,O'Doohaine,Moll,Bigender,modoohainemk@angelfire.com,337-868-3635,PO BOX 951
814,Conisbee,Gail,Male,gconisbeeml@bizjournals.com,290-979-2838,P O BOX 158
815,Wicks,Matilda,Female,mwicksmm@meetup.com,676-497-2402,245 BELGRADE AVE
816,Oldershaw,Babb,Female,boldershawmn@1688.com,630-250-2068,311 MILWAUKEE AV
817,Purcell,Hewe,Male,hpurcellmo@google.nl,957-913-5852,PIAZZA FILIPPO MEDA 4
818,Aksell,Wallis,Male,waksellmp@latimes.com,779-656-7763,PO BOX 69
819,Sloley,Marlyn,Female,msloleymq@samsung.com,592-909-5389,"VIA COL ALT, 16"
820,Schuler,Joby,Female,jschulermr@odnoklassniki.ru,400-729-2944,"Schwarzstraße, 1"
821,Worgen,Austen,Male,aworgenms@cyberchimps.com,694-393-1894,Oststraße 77
822,Huntingdon,Pren,Male,phuntingdonmt@xrea.com,951-486-4444,P.O. BOX 10566
823,Dannohl,Wake,Male,wdannohlmu@youku.com,557-922-2136,PO BOX 10566
824,Alonso,Jemmie,Bigender,jalonsomv@topsy.com,402-170-4786,"Hoveniersstraat, 29"
825,Biaggetti,Emera,Female,ebiaggettimw@rambler.ru,636-826-0414,Trierer Straße 46
826,Beresfore,Harp,Male,hberesforemx@squidoo.com,962-467-0759,P O BOX 4748
827,Chark,Dennie,Male,dcharkmy@microsoft.com,558-169-2548,"Clarke House, Laurence Street, Drogheda,"
828,Dellenbach,Ingamar,Male,idellenbachmz@mtv.com,873-294-5948,Portastraße 8-14
829,Jorgesen,Otes,Male,ojorgesenn0@ameblo.jp,957-975-7191,P. O. BOX 79
830,Tathacott,Chucho,Male,ctathacottn1@typepad.com,256-321-5898,P.O. BOX 85139
831,Foyster,Diena,Female,dfoystern2@springer.com,356-380-6957,5306 BROWN ST.
832,Markl,Alena,Female,amarkln3@bluehost.com,432-904-8471,823 NASHVILLE HWY
833,Gouldthorp,Keen,Male,kgouldthorpn4@loc.gov,629-433-1779,"PIAZZA RISORGIMENTO, 16"
834,Cleeton,Tomkin,Male,tcleetonn5@google.ca,448-234-0174,3320 DREDGE DRIVE
835,Winchester,Dulsea,Female,dwinchestern6@theglobeandmail.com,261-438-6707,Hochbrücktorstraße 27
836,Kobera,Afton,Female,akoberan7@icio.us,492-663-1997,P O BOX 3619
837,Redparth,Heath,Male,hredparthn8@arstechnica.com,353-436-9232,1460 VALLEY RD
838,Coleshill,Perla,Female,pcoleshilln9@java.com,353-124-8646,P O BOX 7009
839,Corbould,Enid,Female,ecorbouldna@soundcloud.com,377-720-5246,"Jan Van Rijswijcklaan, 184"
840,O'Farris,Lowrance,Male,lofarrisnb@ycombinator.com,982-256-0045,"Sos. Fabrica de Glucoza nr.5, Business Center, Novo Park 3, cladirea F, et.5 si 6, sector 2"
841,Heck,Lynnette,Female,lhecknc@thetimes.co.uk,429-936-0392,Gerhart-Hauptmann-Platz 50
842,Vater,Ellette,Female,evaternd@howstuffworks.com,196-689-6690,NY-31-17-0119
843,Geratasch,Pammi,Female,pgerataschne@intel.com,623-788-3257,"Credit Union House, Redgate,"
844,Caro,Carmine,Genderqueer,ccaronf@google.com.br,453-450-9214,PIAZZA FILIPPO MEDA 4
845,Gamon,Alanson,Male,agamonng@liveinternet.ru,938-413-2707,1912 CHEROKEE AVENUE SOUTH WEST
846,Keyzor,Selia,Female,skeyzornh@un.org,106-428-7862,P7-PFSC-03-H
847,Bettam,Karlotta,Female,kbettamni@uiuc.edu,470-753-1665,111 SYLVAN AVE
848,Pugh,Kincaid,Male,kpughnj@last.fm,641-291-3574,POST OFFICE BOX 6136
849,Fordy,Jerald,Male,jfordynk@census.gov,518-427-4181,Augustenstraße 7
850,Urien,Sylvester,Male,suriennl@4shared.com,138-305-0831,4140 EAST STATE STREET
851,Macek,Kimberli,Female,kmaceknm@nifty.com,152-555-2768,"Luchspergergasse, 2 - 4"
852,De Pero,Kiley,Female,kdeperonn@jalbum.net,699-755-1544,1927 GREENSBURG CROSSINGS
853,Brookshaw,Morlee,Male,mbrookshawno@mozilla.org,464-956-1669,102 W MAIN
854,Borg,Frederigo,Male,fborgnp@unblog.fr,289-159-7475,"2, boulevard Konrad Adenauer"
855,Mc Gaughey,Lonee,Female,lmcgaugheynq@bing.com,961-636-7560,Karlstraße 4
856,Measen,Alexandra,Female,ameasennr@europa.eu,950-454-9327,PO BOX 937
857,Collihole,Clementina,Female,ccolliholens@cargocollective.com,343-347-8292,"VIA CERNAIA, 7"
858,Mackriell,Erek,Male,emackriellnt@prweb.com,100-813-1968,Nyropsgade 17
859,Sparham,Marna,Female,msparhamnu@chicagotribune.com,913-359-2487,"37, Dragan Tsankov Blvd."
860,Bergstram,Thomasine,Agender,tbergstramnv@scribd.com,741-759-6501,"Old Church Street, Athenry,"
861,Tong,Delano,Bigender,dtongnw@weebly.com,628-713-7368,P.O. BOX 398
862,Stockney,Berny,Male,bstockneynx@reference.com,315-419-7156,PIAZZA FILIPPO MEDA 4
863,Cantillon,Edward,Male,ecantillonny@discovery.com,471-217-4138,"78 High Street, Gardens"
864,Pollard,Kate,Female,kpollardnz@lulu.com,968-345-3993,S. Moniuškos g. 27
865,Braisher,Louella,Female,lbraishero0@hao123.com,274-551-7749,Taunusanlage 12
866,Sindall,Hashim,Male,hsindallo1@printfriendly.com,312-898-6997,Christophstraße 35
867,McClaren,Axe,Male,amcclareno2@fema.gov,158-282-3045,Cl Pintor Sorolla 2-4
868,Pobjoy,Cindie,Female,cpobjoyo3@dailymail.co.uk,713-182-4413,44/46 Shandon Street
869,Roobottom,Portia,Female,proobottomo4@mozilla.org,234-190-3010,PIAZZA FILIPPO MEDA 4
870,Turban,Fraser,Male,fturbano5@furl.net,977-768-5552,Hamnbanegatan 5
871,Lautie,Elwood,Male,elautieo6@alibaba.com,685-848-5191,Bayerstraße 33
872,Claussen,Mildred,Female,mclausseno7@feedburner.com,791-534-4222,Landsvägen 40
873,Sauvage,Domenic,Male,dsauvageo8@163.com,144-213-6663,1400 BEST PLAZA DR
874,Volker,Lazaro,Male,lvolkero9@mozilla.com,240-118-7908,"PIAZZA GALVANI, 4"
875,Madders,Allis,Female,amaddersoa@dropbox.com,780-720-0886,P O BOX 1629
876,Sprigin,Michelle,Female,mspriginob@nba.com,124-947-6176,"9300 FLAIR DRIVE, 4TH FLOOR"
877,Gibling,Harrie,Female,hgiblingoc@businessinsider.com,366-697-6301,ELECTRONIC BANKING DEPT
878,Alliot,Jasmina,Female,jalliotod@elegantthemes.com,210-134-9334,"PIAZZA DEL CALENDARIO, 3"
879,Fakes,Bryn,Male,bfakesoe@cdbaby.com,259-148-8108,112 CORPORATE DRIVE
880,Gatsby,Winne,Female,wgatsbyof@ft.com,154-779-8334,"52-54, Dimitar Hadzhikotsev Str."
881,Banbrook,Chrysa,Female,cbanbrookog@moonfruit.com,991-394-1094,2910 W JACKSON STREET
882,Bazeley,Niki,Male,nbazeleyoh@list-manage.com,744-179-1512,"Hessgasse, 1"
883,MacPeake,Betti,Female,bmacpeakeoi@cargocollective.com,754-162-6440,1200 E WARRENVILLE RD
884,Harkus,Heddi,Female,hharkusoj@examiner.com,781-462-8128,Mühlenstraße 8
885,Speedin,Marylin,Female,mspeedinok@google.co.jp,328-105-0452,Raiffeisenstraße 2
886,Debell,Andras,Male,adebellol@aboutads.info,573-163-0317,Arkadiagatan 4-6 A
887,Room,Allayne,Genderqueer,aroomom@imgur.com,907-307-4292,"Bahnhofstraße, 9"
888,Spickett,Elonore,Female,espicketton@bizjournals.com,914-522-5414,P O BOX 160
889,Paslow,Konstanze,Female,kpaslowoo@msn.com,801-242-5043,PO BOX 709
890,Dubble,Adora,Female,adubbleop@biglobe.ne.jp,399-640-6601,Bamberger Straße 3b
891,Ritmeier,Elsy,Female,eritmeieroq@yellowpages.com,745-898-9021,411 THEODORE FREMD AVENUE SUITE 350
892,Hess,Garfield,Male,ghessor@ifeng.com,166-802-8228,12345 WEST COLFAX AVENUE
893,Grolle,Allis,Female,agrolleos@google.fr,809-389-4962,P.O. BOX 10566
894,Hallowell,Honor,Female,hhallowellot@virginia.edu,265-876-9822,SUTIE 1500
895,Symper,Sanford,Male,ssymperou@adobe.com,692-988-8256,24 SECOND AVE SE
896,Gaudon,Elroy,Male,egaudonov@freewebs.com,326-710-7251,PO BOX 407
897,Mattinson,Susan,Female,smattinsonow@bloomberg.com,198-994-2939,PIAZZA FILIPPO MEDA 4
898,Mantha,Arda,Female,amanthaox@ftc.gov,228-519-4897,Pettelaarpark 104
899,Gurdon,Gabriellia,Female,ggurdonoy@jugem.jp,436-188-9792,12345 W COLFAX AVE
900,Darrel,Eolanda,Female,edarreloz@mail.ru,266-890-7603,1238 BROAD STREET
901,Copcutt,Napoleon,Male,ncopcuttp0@alexa.com,739-831-3295,116 W SIXTH ST
902,Gilchrest,Sallie,Female,sgilchrestp1@ted.com,173-973-9297,SUITE 5
903,Peschmann,Anestassia,Female,apeschmannp2@businessweek.com,615-333-5711,1361 RAILROAD ST
904,Liepmann,Berke,Male,bliepmannp3@sfgate.com,524-322-4759,7 ROUTE DU LOCH
905,Coushe,Abran,Bigender,acoushep4@ehow.com,471-877-8779,Bahnhofstraße 15
906,Devine,Lynnea,Female,ldevinep5@biglobe.ne.jp,653-677-0416,ATTN: CAROLYN SISCO
907,Augustin,Shurwood,Male,saugustinp6@multiply.com,346-489-3270,200 N FIFTH ST
908,Adan,Brig,Male,badanp7@illinois.edu,549-845-2606,P. O. BOX 681
909,Bisson,Madge,Female,mbissonp8@last.fm,971-411-5717,1421 S BROADWAY
910,Becarra,Flo,Female,fbecarrap9@slate.com,405-901-0982,Am Hafen 1
911,Eisig,Corrie,Female,ceisigpa@mashable.com,667-246-1996,12 PLACE DES ETATS UNIS
912,Rushsorth,Stafford,Male,srushsorthpb@dailymotion.com,452-988-9481,DATA CONTROL ACH DESK
913,Rimer,Dolph,Male,drimerpc@flavors.me,258-417-1086,Skelagervej 15
914,Corkitt,Edwin,Agender,ecorkittpd@biblegateway.com,396-630-2084,"VIA DUCA DEGLI ABRUZZI, 103"
915,Adlam,Weidar,Male,wadlampe@weather.com,814-691-4567,2525 GREENBAY ROAD
916,Gilliard,Lois,Genderfluid,lgilliardpf@ox.ac.uk,982-520-8835,"VIA MANZONI, 50"
917,Jeal,Henrietta,Female,hjealpg@geocities.com,661-695-3111,"VIALE ALTIERO SPINELLI, 30"
918,Manifold,Elsie,Female,emanifoldph@pcworld.com,754-214-2029,102 BYPASS PLAZA
919,Currm,Pall,Male,pcurrmpi@example.com,836-603-6503,"Schupstraat, 18-20"
920,Luquet,Maddi,Female,mluquetpj@diigo.com,742-896-0154,14 BOULEVARD DE LA TREMOUILLE BP 20810
921,Enion,Issiah,Male,ienionpk@howstuffworks.com,108-745-7308,2ND FLOOR
922,Bosward,Lew,Male,lboswardpl@google.cn,820-261-4726,8001 VILLA PARK DRIVE
923,Bucher,Dillie,Male,dbucherpm@scientificamerican.com,620-240-2504,PIAZZA FILIPPO MEDA 4
924,Jenicke,Philomena,Female,pjenickepn@ustream.tv,698-259-0562,"Credit Union House, Askea,"
925,Fennelly,Kathye,Genderqueer,kfennellypo@zimbio.com,191-246-5158,P.O. BOX 1377
926,Elms,Milzie,Bigender,melmspp@purevolume.com,776-452-9801,"VIALE LODOVICO SCARAMPO, 15"
927,Wickey,Silva,Female,swickeypq@cam.ac.uk,669-839-0538,Burggraben 4
928,Scurfield,Maddalena,Female,mscurfieldpr@soundcloud.com,153-529-2384,Fontaneplatz 1
929,Scarrisbrick,Danella,Female,dscarrisbrickps@mozilla.org,857-600-5718,5455 SUNSET BOULEVARD
930,Aberkirder,Aubert,Male,aaberkirderpt@shinystat.com,825-618-9002,"Av. João XXI, 63"
931,Baumler,Evered,Male,ebaumlerpu@harvard.edu,386-919-8407,3833 EBONY ST
932,Van Hault,Jarid,Male,jvanhaultpv@about.com,232-941-6839,"Cl Serrano, 59"
933,Rubbert,Barbi,Genderqueer,brubbertpw@vimeo.com,617-746-6264,14 AVENUE DU PAVE NEUF CS 10001
934,Loges,Dunn,Male,dlogespx@globo.com,348-363-1829,4 RUE AUBER
935,Halgarth,Lois,Female,lhalgarthpy@reddit.com,863-286-2607,111 SYLVAN AVENUE
936,Jenteau,Winnifred,Non-binary,wjenteaupz@free.fr,926-398-1647,5455 SUNSET BOULEVARD
937,Jevons,Ulysses,Genderqueer,ujevonsq0@twitter.com,269-368-6590,Arnulfstraße 15
938,Roalfe,Byrann,Male,broalfeq1@geocities.jp,649-522-6597,"Am Stadtpark, 9"
939,Rosenthaler,Tobias,Male,trosenthalerq2@washingtonpost.com,470-405-4955,PIAZZA FILIPPO MEDA 4
940,Curragh,Wilmar,Male,wcurraghq3@list-manage.com,686-287-9459,Bijlmerdreef 106
941,Whiley,Lexine,Female,lwhileyq4@harvard.edu,555-362-7416,Bahnhofstraße 2a
942,Geldeard,Kingsley,Male,kgeldeardq5@elegantthemes.com,605-188-0069,12 PLACE DES ETATS UNIS
943,Ruddiman,Staford,Polygender,sruddimanq6@over-blog.com,280-129-2564,PIAZZA FILIPPO MEDA 4
944,Peasegood,Lesly,Female,lpeasegoodq7@angelfire.com,933-809-2606,SUITE 5
945,Cowins,Henri,Non-binary,hcowinsq8@cnbc.com,185-694-9519,ul. Sokola 12
946,Emanson,Tiffany,Female,temansonq9@spiegel.de,776-523-4744,12 PLACE DES ETATS UNIS CS 20001
947,Dradey,Wynn,Female,wdradeyqa@businessinsider.com,123-992-4279,Hans-und-Sophie-Scholl-Platz 2
948,Allsworth,Lanna,Female,lallsworthqb@biglobe.ne.jp,432-691-6838,"Sparkassenplatz, 1"
949,Redwin,Stephen,Male,sredwinqc@is.gd,750-847-6497,P7-PFSC-03-H
950,Fieller,Brockie,Male,bfiellerqd@istockphoto.com,282-154-5279,"707 17TH STREET, SUITE 2950"
951,Burgett,Pauletta,Female,pburgettqe@cnn.com,351-101-0913,"Wolfgangseestr., 26"
952,Winterbottom,Lilah,Female,lwinterbottomqf@fc2.com,695-338-6191,"2285 LAKESHORE DRIVE, BUILDING 4"
953,Van der Beek,Alma,Female,avanderbeekqg@xing.com,337-114-7316,"39, allée Scheffer"
954,Dowber,Celestine,Female,cdowberqh@abc.net.au,229-676-0233,MAC N9301-041
955,Coyte,Agnesse,Genderqueer,acoyteqi@1und1.de,959-414-1211,P.O. BOX 878
956,Nice,Saree,Female,sniceqj@toplist.cz,209-955-5812,(IL2-8412)
957,Firby,Hadria,Female,hfirbyqk@usnews.com,121-181-3263,Jura Alunāna iela 2
958,Wimms,Thornie,Male,twimmsql@miitbeian.gov.cn,367-530-0681,P7-PFSC-03-H
959,Welsh,Cesar,Male,cwelshqm@alexa.com,245-380-4128,102 DUFFY AVENUE
960,Offin,Brad,Male,boffinqn@plala.or.jp,852-757-2344,"Hauptstraße, 39"
961,Wallington,Noll,Male,nwallingtonqo@nsw.gov.au,425-427-2614,825 N. PATRICK
962,Naris,Jennie,Female,jnarisqp@aboutads.info,796-793-2568,PO BOX 607
963,Gilleon,Abby,Male,agilleonqq@admin.ch,528-294-5195,"Getreidegasse, 10"
964,Brigg,Frants,Male,fbriggqr@xing.com,407-455-0722,"Stadtplatz, 24"
965,Wotton,Blaine,Male,bwottonqs@unblog.fr,697-127-7368,"Dorf, 4"
966,Kellie,Stacia,Female,skellieqt@artisteer.com,881-904-5694,6 AVENUE DE PROVENCE
967,Shortt,Nat,Male,nshorttqu@a8.net,833-108-5221,SUITE 600
968,Smitherman,Silvano,Polygender,ssmithermanqv@npr.org,646-894-4044,Schrobenhausener Straße 2
969,Fife,Tallie,Polygender,tfifeqw@ask.com,623-117-1527,Fuhlsbüttler Straße 437
970,Bernardotte,Carney,Genderfluid,cbernardotteqx@army.mil,546-682-2529,2ND FLOOR
971,Ofen,Aggi,Female,aofenqy@ox.ac.uk,381-901-3275,EP-MN-WN1A
972,MacGillivrie,Randal,Male,rmacgillivrieqz@tinypic.com,317-297-9488,500 ROSS ST.
973,Dundon,Clayborn,Male,cdundonr0@chron.com,239-100-8929,3320 DREDGE DRIVE
974,Shortt,Arne,Male,ashorttr1@webnode.com,882-367-4425,3731 WILSHIRE BLVD STE 1000
975,Schottli,Giffy,Non-binary,gschottlir2@netvibes.com,355-440-8394,4140 EAST STATE STREET
976,Samudio,Camey,Male,csamudior3@constantcontact.com,302-537-3841,1200 E WARRENVILLE RD
977,Seabert,Wenona,Female,wseabertr4@seesaa.net,756-851-0039,110 S FERRALL STREET
978,Bilverstone,Hedvig,Female,hbilverstoner5@google.de,376-917-2881,80 SUGAR CREEK CENTER BLVD
979,Killigrew,Udell,Male,ukilligrewr6@mlb.com,894-256-2093,Bahnhofstraße 7
980,Naisey,Aliza,Female,anaiseyr7@spotify.com,264-221-7858,110 S FERRALL STREET
981,Dougharty,Lauri,Female,ldoughartyr8@dmoz.org,291-446-6247,Vorstadtstraße 1
982,Curm,Catharine,Female,ccurmr9@sciencedirect.com,428-788-2021,P.O.BOX 280
983,Loggie,Alyss,Female,aloggiera@oakley.com,898-602-8797,Alleestraße 76-88
984,Trett,Melissa,Female,mtrettrb@prnewswire.com,168-118-9003,"Largo Cândido dos Reis, nºs 19 a 25"
985,Cosslett,Abie,Polygender,acosslettrc@sakura.ne.jp,229-610-7669,P7-PFSC-03-H
986,Bohlje,Joy,Female,jbohljerd@plala.or.jp,823-590-7283,Sparkassenplatz 1
987,Tudbald,Dario,Male,dtudbaldre@macromedia.com,247-144-4006,1460 VALLEY ROAD
988,Standbridge,Leeanne,Bigender,lstandbridgerf@hubpages.com,473-742-9354,ACH OPERATOR 100-99-04-10
989,Pencot,Davon,Genderfluid,dpencotrg@tmall.com,504-191-1110,Taunustor 1 (TaunusTurm)
990,Fyrth,Elfrieda,Polygender,efyrthrh@gov.uk,296-396-8941,"Baneskellet 1, Hammershøj"
991,Grzesiewicz,Jana,Female,jgrzesiewiczri@jigsy.com,386-156-6586,"VIALE ALTIERO SPINELLI, 30"
992,Tofanini,Dahlia,Female,dtofaninirj@statcounter.com,634-410-7507,1460 VALLEY RD
993,Skayman,Lenard,Male,lskaymanrk@weibo.com,321-621-5895,P7-PFSC-03-H
994,Sarten,Mehetabel,Female,msartenrl@elpais.com,698-562-6151,P O BOX 7005
995,Lube,Danika,Genderfluid,dluberm@live.com,280-584-7240,Alströmergatan 39
996,Tarbatt,Elden,Male,etarbattrn@feedburner.com,918-296-6859,P.O. BOX 85139
997,Docket,Vic,Male,vdocketro@edublogs.org,549-350-8145,100 CIRCLE DRIVE
998,Elfleet,Zorina,Female,zelfleetrp@timesonline.co.uk,709-579-6142,Neubrückenstraße 66
999,Simmill,Marvin,Male,msimmillrq@unc.edu,530-106-2506,Hindenburgstraße 6-10
1000,Dowsey,Forest,Male,fdowseyrr@tinypic.com,340-572-3863,"6 Main Street, Dunboyne,"
